Name,Year,Group,Status,Birth Date,Birth Place,Birth Place Copy,latitue,logtitude,Gender,Alma Mater,Undergraduate Major,Graduate Major,Military Rank,Military Branch,Space Flights,Space Flight (hr),Space Walks,Space Walks (hr),Missions,Death Date,Death Mission
John-David F. Bartoe,,,Retired,11/17/1944,"Abington, PA",Abington,40.1,-75.0997,Male,Lehigh University; Georgetown University,Physics,Physics,,,1,190,0,0,STS 51-F (Challenger),,
Andrew S. W. Thomas,1992,14,Management,12/18/1951,"Adelaide, Australia",Adelaide,-34.9273,138.5995,Male,University of Adelaide,Mechanical Engineering,Mechanical Engineering,,,4,4257,1,6,"STS-77 (Endeavor), STS-89/91 (Endeavor/Discovery), STS-102 (Discovery), STS-114 (Discovery)",,
Judith A. Resnik,1978,8,Deceased,4/5/1949,"Akron, OH",Akron,41.0731,-81.5178,Female,Carnegie-Mellon University; University of Maryland,Electrical Engineering,Electrical Engineering,,,2,144,0,0,"STS 41-D (Discovery), STS 51-L (Challenger)",1/28/1986,STS 51-L (Challenger)
Thomas J. Hennen,,,Retired,8/17/1952,"Albany, GA",Albany,31.5785,-84.1559,Male,,,,Chief Warrant Officer,US Army (Retired),1,166,0,0,STS-44 (Atlantis),,
Nicole P. Stott,2000,18,Active,11/19/1962,"Albany, NY",Albany,42.6525,-73.7572,Female,Embry-Riddle Aeronautical University; University of Central Florida,Aeronautical Engineering,Engineering Management,,,2,2477,1,6,"STS-128/129 (Discovery/Atlantis), STS-133 (Discovery)",,
Sidney M. Gutierrez,1984,10,Retired,6/27/1951,"Albuquerque, NM",Albuquerque,35.1107,-106.61,Male,US Air Force Academy; Webster College,Aeronautical Engineering,Business Management,Colonel,US Air Force (Retired),2,488,0,0,"STS-40 (Columbia), STS-59 (Endeavor)",,
Guy S. Gardner,1980,9,Retired,1/6/1948,"Alta Vista, VA",Altavista,37.1175,-79.2897,Male,US Air Force Academy; Purdue University,Engineering Sciences; Astronautics & Mathematics,Astronautics,Colonel,US Air Force (Retired),2,320,0,0,"STS-27 (Atlantis), STS-35 (Columbia)",,
Rick D. Husband,1995,15,Deceased,7/12/1957,"Amarillo, TX",Amarillo,35.1992,-101.8453,Male,Texas Tech University; California State University,Mechanical Engineering,Mechanical Engineering,Colonel,US Air Force,2,617,0,0,"STS-96 (Discovery), STS-107 (Columbia)",2/1/2003,STS-107 (Columbia)
Paul S. Lockhart,1996,16,Retired,4/28/1956,"Amarillo, TX",Amarillo,35.1992,-101.8453,Male,Texas Tech University; University of Texas,Mathematics,Aerospace Engineering,Colonel,US Air Force (Retired),2,663,0,0,"STS-111 (Endeavor), STS-113 (Endeavor)",,
Laurel B. Clark,1996,16,Deceased,3/10/1961,"Ames, IA",Ames,42.0268,-93.6202,Female,University of Wisconsin-Madison,Zoology,Medicine,Captain,US Navy,1,382,0,0,STS-107 (Columbia),2/1/2003,STS-107 (Columbia)
Fred W. Leslie,,,Retired,12/19/1951,"Ancon, Panama",Anc�n,8.97,-79.55,Male,University of Texas; University of Oklahoma,Engineering Science,Meteorology,,,1,381,0,0,STS-73 (Columbia),,
Tracy E. Caldwell (Dyson),1998,17,Active,8/14/1969,"Arcadia, CA",Arcadia,34.1328,-118.0364,Female,California State University-Fullerton; University of California-Davis,Chemistry,Physical Chemistry,,,2,4531,3,23,"STS-118 (Endeavor), ISS-23/24 (Soyuz)",,
Steven W. Lindsey,1995,15,Retired,8/24/1960,"Arcadia, CA",Arcadia,34.1328,-118.0364,Male,US Air Force Academy; US Air Force Institute of Technology,Engineering Science,Aeronautical Engineering,Colonel,US Air Force (Retired),5,1510,0,0,"STS-87 (Columbia), STS-95 (Discovery), STS-104 (Atlantis), STS-121 (Discovery), STS-133 (Discovery)",,
David M. Brown,1996,16,Deceased,4/16/1956,"Arlington, VA",Arlington,38.8799697,-77.1067698,Male,College of William & Mary; Eastern Virginia Medical School,Biology,Medicine,Captain,US Navy,1,382,0,0,STS-107 (Columbia),2/1/2003,STS-107 (Columbia)
Roy D. Bridges Jr. ,1980,9,Retired,7/19/1943,"Atlanta, GA",Atlanta,33.7485,-84.3915,Male,US Air Force Academy; Purdue University,Engineering Science,Astronautics,Major General,US Air Force (Retired),1,190,0,0,STS 51-F (Challenger),,
Scott D. Tingle,2009,20,Active,7/19/1965,"Attleboro, MA",Attleboro,41.9333,-71.3,Male,Southeastern Massachusetts University; Purdue University,Mechanical Engineering,Mechanical Engineering,Commander,US Navy,0,0,0,0,,,
Susan L. Kilrain (Still),1995,15,Retired,10/24/1961,"Augusta, GA",Augusta,33.4667,-81.9667,Female,Embry-Riddle University; Georgia Institute of Technology,Astronautical Engineering,Aerospace Engineering,Commander,US Navy (Retired),2,472,0,0,"STS-83 (Columbia), STS-94 (Columbia)",,
Kenneth D. Cockrell,1990,13,Management,4/9/1950,"Austin, TX",Austin,30.265,-97.7466,Male,University of Texas; University of West Florida,Mechanical Engineering,Aeronautical Systems,,US Naval Reserves,5,1548,0,0,"STS-56 (Discovery), STS-69 (Endeavor), STS-80 (Columbia), STS-98 (Atlantis), STS-111 (Endeavor)",,
Timothy L. Kopra,2000,18,Active,4/9/1963,"Austin, TX",Austin,30.265,-97.7466,Male,US Military Academy; Georgia Institute of Technology; US Army War College,Computer Science,Aerospace Engineering; Strategic Studies,Colonel,US Army (Retired),2,5857,3,13,"STS-127/128 (Endeavor/Discovery), ISS-46/47 (Soyuz)",,
Robert L. Curbeam Jr. ,1995,15,Retired,3/5/1962,"Baltimore, MD",Baltimore,39.2833,-76.6167,Male,US Naval Academy; US Naval Postgraduate School,Aerospace Engineering,Aerospace Engineering; Aeronautical & Astronautical Engineering,Captain,US Navy (Retired),3,902,7,45,"STS-85 (Discovery), STS-98 (Atlantis), STS-116 (Discovery)",,
Marsha S. Ivins,1984,10,Retired,4/15/1951,"Baltimore, MD",Baltimore,39.2833,-76.6167,Female,University of Colorado,Aerospace Engineering,,,,5,1341,0,0,"STS-32 (Columbia), STS-46 (Atlantis), STS-62 (Columbia), STS-81 (Atlantis), STS-98 (Atlantis)",,
Thomas D. Jones,1990,13,Retired,1/22/1955,"Baltimore, MD",Baltimore,39.2833,-76.6167,Male,US Air Force Academy; University of Arizona,,Planetary Science,,,4,1272,3,20,"STS-59 (Endeavor), STS-68 (Endeavor), STS-80 (Columbia), STS-98 (Atlantis)",,
Terry W. Virts Jr. ,2000,18,Active,12/1/1967,"Baltimore, MD",Baltimore,39.2833,-76.6167,Male,US Air Force Academy; Embry-Riddle Aeronautical University,Mathematics,Aeronautics,Colonel,US Air Force,2,5122,3,18,"STS-130 (Endeavor), ISS-42/43 (Soyuz)",,
G. Reid Wiseman,2009,20,Active,11/11/1975,"Baltimore, MD",Baltimore,39.2833,-76.6167,Male,Rensselaer Polytechnic Institute; Johns Hopkins University,Computer & Systems Engineering,Systems Engineering,Commander,US Navy,1,3968,2,13,ISS-40/41 (Soyuz),,
Charles O. Hobaugh,1996,16,Retired,11/5/1961,"Bar Harbor, ME",Bar Harbor,44.3858,-68.2094,Male,US Naval Academy,Aerospace Engineering,,Colonel,US Marine Corps (Retired),3,873,0,0,"STS-104 (Atlantis), STS-118 (Endeavor), ST-129 (Atlantis)",,
Michael J. Smith,1980,9,Deceased,4/30/1945,"Beaufort, NC",Beaufort,34.7167,-76.65,Male,US Naval Academy; US Naval Postgraduate School,Naval Sciences,Aeronautical Engineering,Captain,US Navy,1,0,0,0,STS 51-L (Challenger),1/28/1986,STS 51-L (Challenger)
Robert L. Crippen,1969,7,Retired,9/11/1937,"Beaumont, TX",Beaumont,30.08,-94.1267,Male,University of Texas,Aerospace Engineering,,Captain,US Navy (Retired),4,565,0,0,"STS-1 (Columbia), STS-7 (Challenger), STS 41-C (Challenger), STS 41-G (Challenger)",,
Charles D. Walker,,,Retired,8/29/1948,"Bedford, IN",Bedford,38.8628,-86.4922,Male,Purdue University,Aeronautical & Astronautical Engineering,,,,3,477,0,0,"STS 41-D (Discovery), STS 51-D (Discovery), STS 61-B (Atlantis)",,
Sandra H. Magnus,1996,16,Retired,10/30/1964,"Belleville, IL",Belleville,38.5126,-89.9842,Female,University of Missouri-Rolla; Georgia Institute of Technology,Physics,Electrical Engineering; Materials Science & Engineering,,,3,3776,0,0,"STS-112 (Atlantis), STS-126/119 (Endeavor/Discovery), STS-135 (Atlantis)",,
Christopher J. Loria,1996,16,Retired,7/9/1960,"Belmont, MA",Belmont,42.3958,-71.1792,Male,US Naval Academy; Harvard University,Engineering,Public Administration,Colonel,US Marine Corps (Retired),0,0,0,0,,,
Fred W. Haise Jr. ,1966,5,Retired,11/14/1933,"Biloxi, MS",Biloxi,30.4119,-88.9278,Male,University of Oklahoma,Aeronautical Engineering,,,,1,142,0,0,Apollo 13 ,,
Douglas H. Wheelock,1998,17,Active,5/5/1960,"Binghamton, NY",Binghamton,42.1022,-75.9117,Male,US Military Academy; Georgia Institute of Technology,Applied Science & Engineering,Aerospace Engineering,Colonel,US Army,2,4281,6,43,"STS-120 (Discovery), ISS-24/25 (Soyuz)",,
Henry W. Hartsfield Jr. ,1969,7,Retired,11/21/1933,"Birmingham, AL",Birmingham,33.525,-86.813,Male,Auburn University; University of Tennessee,Physics,Engineering Science,Colonel,US Air Force (Retired),3,482,0,0,"STS-4 (Columbia), STS 41-D (Discovery), STS 61-A (Challenger)",,
Brian Duffy,1985,11,Retired,6/20/1953,"Boston, MA",Boston,42.3581,-71.0636,Male,US Air Force Academy; University of Southern California,Mathematics,Systems Management,Colonel,US Air Force (Retired),4,977,0,0,"STS-45 (Atlantis), STS-57 (Endeavor), STS-72 (Endeavor), STS-92 (Discovery)",,
S. Christa McAuliffe,,,Deceased,9/2/1948,"Boston, MA",Boston,42.3581,-71.0636,Female,Framingham State College; Bowie State College,Education,Education,,,1,0,0,0,STS 51-L (Challenger),1/28/1986,STS 51-L (Challenger)
Bruce McCandless II ,1966,5,Retired,6/8/1937,"Boston, MA",Boston,42.3581,-71.0636,Male,US Naval Academy; Stanford University; University of Houston-Clear Lake,,Electrical Engineering; Business Administration,Captain,US Navy (Retired),2,312,2,12,"STS 41-B (Challenger), STS-31 (Discovery)",,
Story Musgrave,1967,6,Retired,8/19/1935,"Boston, MA",Boston,42.3581,-71.0636,Male,Syracuse University; Marietta College; University of California-Los Angeles; University of Kentucky; University of Houston; Columbia University,Mathematics & Statistics; Chemistry,Business Administration; Physiology; Literature; Medicine,,,6,1281,4,26,"STS-6 (Challenger), STS 51-F (Challenger), STS-33 (Discovery), STS-44 (Atlantis), STS-61 (Endeavor), STS-80 (Columbia)",,
Brian T. O'Leary,1967,6,Deceased,1/27/1940,"Boston, MA",Boston,42.3581,-71.0636,Male,Williams College; Georgetown University; University of California-Berkeley,Physics,Astronomy,,,0,0,0,0,,7/28/2011,
Albert Sacco Jr.,,,Retired,5/3/1949,"Boston, MA",Boston,42.3581,-71.0636,Male,Northeastern University; MIT,Chemical Engineering,Chemical Engineering,,,1,381,0,0,STS-73 (Columbia),,
Stephanie D. Wilson,1996,16,Active,9/27/1966,"Boston, MA",Boston,42.3581,-71.0636,Female,Harvard University; University of Texas,Engineering Science,Aerospace Engineering,,,3,1031,0,0,"STS-121 (Discovery), STS-120 (Discovery), STS-131 (Discovery)",,
M. Scott Carpenter,1959,1,Retired,5/1/1925,"Boulder, CO",Boulder,40.0176,-105.2797,Male,University of Colorado,Aeronautical Engineering,,Commander,US Navy (Retired),1,4,0,0,Mercury 7,,
Daniel W. Bursch,1990,13,Retired,7/25/1957,"Bristol, PA",Bristol,40.0957,-74.8583,Male,US Naval Academy; US Naval Postgraduate School,Physics,Engineering Science,Captain,US Navy (Retired),4,5446,2,12,"STS-51 (Discovery), STS-68 (Endeavor), STS-77 (Endeavor), STS-108/111 (Endeavor)",,
Mario Runco Jr. ,1987,12,Management,1/26/1952,"Bronx, NY",Bronx,40.8262,-73.9203,Male,City College of New York; Rutgers University,Earth & Planetary Science,Atmospheric Physics,Lieutenant Commander,US Navy (Retired),3,551,0,0,"STS-44 (Atlantis), STS-54 (Endeavor), STS-77 (Endeavor)",4/23/2001,
Martin J. Fettman,,,Retired,12/31/1956,"Brooklyn, NY",Brooklyn,40.6925,-73.991,Male,Cornell University; Colorado State University,Animal Nutrition,Physiology,,,1,336,0,0,STS-58 (Columbia),,
Jeffrey A. Hoffman,1978,8,Retired,11/2/1944,"Brooklyn, NY",Brooklyn,40.6925,-73.991,Male,Amherst College; Rice University; Harvard University,Astronomy,Materials Science; Astrophysics,,,5,1211,4,25,"STS 51-D (Discovery), STS-35 (Columbia), STS-46 (Atlantis), STS-61 (Endeavor), STS-75 (Columbia)",,
Terence T. Henricks,1985,11,Retired,7/5/1952,"Bryan, OH",Bryan,41.4728,-84.5519,Male,US Air Force Academy; Golden Gate University,Civil Engineering,Public Administration,Colonel,US Air Force (Retired),4,1026,0,0,"STS-44 (Atlantis), STS-55 (Columbia), STS-70 (Discovery), STS-78 (Columbia)",,
Fernando Caldeiro,1996,16,Deceased,6/12/1958,"Buenos Aires, Argentina",Buenos Aires,-34.6036844,-58.3815591,Male,University of Arizona; University of Central Florida,Mechanical Engineering,Engineering Management,,,0,0,0,0,,10/3/2009,
Edward G. Gibson,1965,4,Retired,11/8/1936,"Buffalo, NY",Buffalo,42.8877,-78.8794,Male,University of Rochester; California Institute of Technology,Engineering,Engineering,,,1,2017,3,15,Skylab 4,,
James A. Pawelczyk,,,Retired,9/20/1960,"Buffalo, NY",Buffalo,42.8877,-78.8794,Male,University of Rochester; Pennsylvania State University; University of North Texas,Biology & Psychology,Physiology; Biology,,,1,381,0,0,STS-90 (Columbia),,
James M. Kelly,1996,16,Management,5/14/1964,"Burlington, IA",Burlington,40.8081,-91.1158,Male,US Air Force Academy; University of Alabama,Astronautical Engineering,Aerospace Engineering,Colonel,US Air Force (Retired),2,641,0,0,"STS-102 (Discovery), STS-114 (Discovery)",,
John H. Glenn Jr. ,1959,1,Retired,7/18/1921,"Cambridge, OH",Cambridge,40.025,-81.5867,Male,Muskingum College,Engineering,,Colonel,US Marine Corps (Retired),2,218,0,0,"Mercury 6, STS-95 (Discovery)",,
Steven R. Nagel,1978,8,Retired,10/27/1946,"Canton, IL",Canton,40.5578,-90.0342,Male,University of Illinois; California State University-Fresno,Aerospace Engineering,Mechanical  Engineering,Colonel,US Air Force (Retired),4,721,0,0,"STS 51-G (Discovery), STS 61-A (Challenger), STS-37 (Atlantis), STS-55 (Columbia)",,
Linda M. Godwin,1985,11,Retired,7/2/1952,"Cape Girardeau, MO",Cape Girardeau,37.3092,-89.5464,Female,Southeast Missouri State; University of Missouri,Mathematics & Physics,Physics,,,4,918,2,10,"STS-37 (Atlantis), STS-59 (Endeavor), STS-76 (Atlantis), STS-108 (Endeavor)",,
John A. Llewellyn,1967,6,Retired,4/22/1933,"Cardiff, Wales",Cardiff,51.4813,-3.1805,Male,University College at Cardiff,Chemistry,Chemistry,,,0,0,0,0,,,
F. Andrew Gaffney,,,Retired,6/9/1946,"Carlsbad, NM",Carlsbad,32.4119,-104.2364,Male,University of California-Berkeley; University of New Mexico,Psychology,Medicine,,,1,218,0,0,STS-40 (Columbia),,
Brewster H. Shaw Jr. ,1978,8,Retired,5/16/1945,"Cass City, MI",Cass City,43.5994,-83.1764,Male,University of Wisconsin,Engineering Mechanics,Engineering Mechanics,Colonel,US Air Force (Retired),3,533,0,0,"STS-9 (Columbia), STS 61-B (Atlantis), STS-28 (Columbia)",,
Carl J. Meade,1985,11,Retired,11/16/1950,"Chanute Air Force Base, IL",Rantoul,40.3047,-88.1519,Male,University of Texas; California Institute of Technology,Electronics Engineering,Electronics Engineering,Colonel,US Air Force (Retired),3,712,1,6,"STS-38 (Atlantis), STS-50 (Columbia), STS-64 (Discovery)",,
George D. Nelson,1978,8,Retired,7/13/1950,"Charles City, IA",Charles City,43.0664,-92.6758,Male,Harvey Mudd College; University of Washington,Physics,Astronomy,,,3,411,2,10,"STS 41-C (Challenger), STS 61-C (Columbia), STS-26 (Discovery)",,
Catherine G. Coleman,1992,14,Active,12/14/1960,"Charleston, SC",Charleston,32.7831,-79.9344,Female,MIT; University of Massachusetts,Chemistry,Polymer Science & Engineering,Colonel,US Air Force (Retired),3,4324,0,0,"STS-73 (Columbia), STS-93 (Columbia), ISS-26/27 (Soyuz)",,
Frank L. Culbertson Jr. ,1984,10,Retired,5/15/1949,"Charleston, SC",Charleston,32.7831,-79.9344,Male,US Naval Academy,Aerospace Engineering,,Captain,US Navy (Retired),3,3446,1,5,"STS-38 (Atlantis), STS-51 (Discovery), STS-105/108 (Discovery/Endeavor)",,
Jon A. McBride,1978,8,Retired,8/14/1943,"Charleston, WV",Charleston,38.3472,-81.6333,Male,US Naval Postgraduate School,Aeronautical Engineering,,Captain,US Navy (Retired),1,197,0,0,STS 41-G (Challenger),,
Charles M. Duke Jr. ,1966,5,Retired,10/3/1935,"Charlotte, NC",Charlotte,35.2238,-80.8411,Male,US Naval Academy; MIT,Naval Sciences,Aeronautics,Brigadier General,US Air Force (Retired),1,265,3,20,Apollo 16,,
Susan J. Helms,1990,13,Retired,2/26/1958,"Charlotte, NC",Charlotte,35.2238,-80.8411,Female,US Air Force Academy; Stanford University,Aeronautical Engineering,Aeronautics & Astronautics,Lieutenant General,US Air Force,5,5063,1,9,"STS-54 (Endeavor), STS-64 (Discovery), STS-78 (Columbia), STS-101 (Atlantis), STS-102/105 (Discovery)",,
Tamara E. Jernigan,1985,11,Retired,5/7/1959,"Chattanooga, TN",Chattanooga,35.0456,-85.2672,Female,Stanford University; University of California-Berkeley; Rice University,Physics,Engineering Science; Astronomy,,,5,1489,1,8,"STS-40 (Columbia), STS-52 (Columbia), STS-67 (Endeavor), STS-80 (Columbia), STS-98 (Discovery)",,
Richard R. Arnold II ,2004,19,Active,11/26/1963,"Cheverly, MD",Cheverly,38.9245,-76.9135,Male,Frostburg State University; University of Maryland,Accounting,Environmental Science,,,1,307,2,12,STS-119 (Discovery),,
Eugene A. Cernan,1963,3,Retired,3/14/1934,"Chicago, IL",Chicago,41.8832,-87.6324,Male,Purdue University; US Naval Postgraduate School,Electrical Engineering,Aeronautical Engineering,Captain,US Navy (Retired),3,566,4,24,"Gemini 9, Apollo 10, Apollo 17",,
John M. Grunsfeld,1992,14,Management,10/10/1958,"Chicago, IL",Chicago,41.8832,-87.6324,Male,MIT; University of Chicago,Physics,Physics,,,5,1407,8,58,"STS-67 (Endeavor), STS-81 (Atlantis), STS-103 (Discovery), STS-125 (Atlantis), STS-109 (Columbia)",,
Joan E. Higginbotham,1996,16,Retired,8/3/1964,"Chicago, IL",Chicago,41.8832,-87.6324,Female,Southern Illinois University-Carbondale; Florida Institute of Technology,Electrical Engineering,Business Management; Space Systems,,,1,308,0,0,STS-116 (Discovery),,
Thomas K. Mattingly II ,1966,5,Retired,3/17/1936,"Chicago, IL",Chicago,41.8832,-87.6324,Male,Auburn University,Aeronautical Engineering,,Rear Admiral,US Navy (Retired),3,508,1,1,"Apollo 16, STS-4 (Columbia), STS 51-C (Discovery)",,
James A. McDivitt,1984,2,Retired,6/10/1929,"Chicago, IL",Chicago,41.8832,-87.6324,Male,University of Michigan,Astronautical Engineering,,Brigadier General,US Air Force (Retired),2,338,0,0,"Gemini 4, Apollo 9",,
Charles Lacy Veach,1984,10,Deceased,9/18/1944,"Chicago, IL",Chicago,41.8832,-87.6324,Male,US Air Force Academy,Engineering Management,,,,2,436,0,0,"STS-39 (Discovery), STS-52 (Columbia)",10/3/1995,
Neil W. Woodward III ,1998,17,Retired,7/26/1962,"Chicago, IL",Chicago,41.8832,-87.6324,Male,MIT; University of Texas-Austin; George Washington University,Physics,Physics; Business Management,Commander,US Navy,0,0,0,0,,,
Karl G. Henize,1967,6,Deceased,10/17/1926,"Cincinnati, OH",Cincinnati,39.1037,-84.5136,Male,University of Virginia; University of Michigan,Mathematics,Astronomy,,,1,190,0,0,STS 51-F (Challenger),10/5/1993,
Francis R. Scobee,1978,8,Deceased,5/19/1939,"Cle Elum, WA",Cle Elum,47.1947,-120.9364,Male,University of Arizona,Aerospace Engineering,,Major,US Air Force (Retired),2,167,0,0,"STS 41-C (Challenger), STS 51-L (Challenger)",1/28/1986,STS 51-L (Challenger)
Kenneth D. Cameron,1984,10,Retired,11/29/1949,"Cleveland, OH",Cleveland,41.4822,-81.6697,Male,MIT; Michigan State University,Aeronautics & Astronautics,Aeronautics & Astronautics; Business Administration,Colonel,US Marine Corps (Retired),3,562,0,0,"STS-37 (Atlantis), STS-56 (Discovery), STS-74 (Atlantis)",,
Gregory J. Harbaugh,1987,12,Retired,4/15/1956,"Cleveland, OH",Cleveland,41.4822,-81.6697,Male,Purdue University; University of Houston-Clear Lake,Aeronautical & Astronautical Engineering,Physical Science,,,4,817,3,18,"STS-39 (Discovery), STS-54 (Endeavor), STS-71 (Atlantis), STS-82 (Discovery)",,
James A. Lovell Jr. ,1962,2,Retired,3/25/1928,"Cleveland, OH",Cleveland,41.4822,-81.6697,Male,US Naval Academy,,,Captain,US Navy (Retired),4,715,0,0,"Gemini 7, Gemini 12, Apollo 8, Apollo 13",,
G. David Low,1984,10,Deceased,2/19/1956,"Cleveland, OH",Cleveland,41.4822,-81.6697,Male,Washington & Lee University; Cornell University; Stanford University,Physics & Engineering,Mechanical Engineering; Aeronautics & Astronautics,,,3,714,1,6,"STS-32 (Columbia), STS-43 (Atlantis), STS-57 (Endeavor)",3/15/2008,
Ronald M. Sega,1990,13,Retired,12/4/1952,"Cleveland, OH",Cleveland,41.4822,-81.6697,Male,US Air Force Academy; Ohio State University; University of Colorado,Physics & Mathematics,Physics; Electrical Engineering,Colonel,US Air Force Reserves (Retired),2,420,0,0,"STS-60 (Discovery), STS-76 (Atlantis)",,
Donald A. Thomas,1990,13,Retired,5/6/1955,"Cleveland, OH",Cleveland,41.4822,-81.6697,Male,Case Western Reserve University; Cornell University,Physics,Materials Science,,,4,1040,0,0,"STS-65 (Columbia), STS-70 (Discovery), STS-83 (Columbia), STS-94 (Columbia)",,
Carl E. Walz,1990,13,Retired,9/6/1955,"Cleveland, OH",Cleveland,41.4822,-81.6697,Male,Kent State University; John Carroll University,Physics,Solid State Physics,Colonel,US Air Force,4,5533,3,19,"STS-51 (Discovery), STS-65 (Columbia), STS-79 (Atlantis), STS-108/111 (Endeavor)",,
Mary E. Weber,1992,14,Retired,8/24/1962,"Cleveland, OH",Cleveland,41.4822,-81.6697,Female,Purdue University; University of California-Berkeley,Chemical Engineering,Physical Chemistry,,,2,450,0,0,"STS-70 (Discovery), STS-101 (Atlantis)",,
David C. Hilmers,1980,9,Retired,1/28/1950,"Clinton, IA",Clinton,41.8389,-90.1907,Male,Cornell University; US Naval Postgraduate School,Mathematics,Electrical Engineering,Colonel,US Marine Corps (Retired),4,494,0,0,"ST 51-J (Atlantis), STS-26 (Discovery), STS-36 (Atlantis), STS-42 (Discovery)",,
N. Jan Davis,1987,12,Retired,11/1/1953,"Cocoa Beach, FL",Cocoa Beach,28.3311,-80.6131,Female,Georgia Institute of Technology; Auburn University; University of Alabama-Huntsville,Applied Biology; Mechanical Engineering,Mechanical Engineering,,,3,673,0,0,"STS-47 (Endeavor), STS-60 (Discovery), STS-85 (Discovery)",,
Stephen G. Bowen,2000,18,Active,2/13/1964,"Cohasset, MA",Cohasset,42.2417,-70.8042,Male,US Naval Academy; MIT,Electrical Engineering,Ocean Engineering,Captain,US Navy,3,970,7,47,"STS-126 (Endeavor), STS-132 (Atlantis), STS-133 (Discovery)",,
Dorothy M. Metcalf-Lindenberger,2004,19,Active,5/2/1975,"Colorado Springs, CO",Colorado Springs,38.8352,-104.8198,Female,Whitman College,Geology,,,,1,362,0,0,STS-131 (Discovery),,
Charles F. Bolden Jr. ,1980,9,Management,8/19/1946,"Columbia, SC",Columbia,34.0093,-81.0371,Male,US Naval Academy; University of Southern California,Electrical Science,Systems Management,Major General,US Marine Corps (Retired),4,680,0,0,"STS-61C (Columbia), STS-31 (Discovery), STS-45 (Atlantis), STS-60 (Discovery)",,
David M. Walker,1978,8,Deceased,5/20/1944,"Columbus, GA",Columbus,32.4922,-84.9403,Male,US Naval Academy,Naval Sciences,,Captain,US Navy (Retired),4,724,0,0,"STS 51-A (Discovery), STS-30 (Atlantis), STS-53 (Discovery), STS-69 (Endeavor)",4/23/2001,
Donn F. Eisele,1963,3,Deceased,5/23/1930,"Columbus, OH",Columbus,39.9833,-82.9833,Male,US Naval Academy; US Air Force Institute of Technology,Astronautics,Astronautics,Colonel,US Air Force (Retired),1,260,0,0,Apollo 7,12/2/1987,
Michael J. Foreman,1998,17,Management,3/29/1957,"Columbus, OH",Columbus,39.9833,-82.9833,Male,US Naval Academy; US Naval Postgraduate School,Aerospace Engineering,Aeronautical Engineering,Captain,US Navy (Retired),2,637,5,32,"STS-123 (Endeavor), STS-129 (Atlantis)",,
Robert L. Gibson,1978,8,Retired,10/30/1946,"Cooperstown, NY",Cooperstown,42.6972,-74.9269,Male,California Polytechnic Institute,Aeronautical Engineering,,Captain,US Navy (Retired),5,868,0,0,"STS 41-B (Challenger), STS 61-C (Columbia), STS-27 (Atlantis), STS-47 (Endeavor), STS-71 (Atlantis)",,
James S. Voss,1987,12,Retired,3/3/1949,"Cordova, AL",Cordova,33.7617,-87.1877,Male,Auburn University; University of Colorado,Aerospace Engineering,Aerospace Engineering Sciences,Colonel,US Army (Retired),5,4853,4,22,"STS-44 (Atlantis), STS-53 (Discovery), STS-69 (Endeavor), STS-101 (Atlantis), STS-102/105 (Discovery)",,
Joseph P. Allen,1967,6,Retired,6/27/1937,"Crawsfordsville, IN",Crawfordsville,40.0389,-86.8967,Male,DePauw University; Yale University,Mathematics & Physics,Physics,,,2,313,2,12,"ST-5 (Columbia), STS 51-A (Discovery)",,
Walter Cunningham,1963,3,Retired,3/16/1932,"Creston, IA",Creston,41.0592,-94.3644,Male,University of California-Los Angeles,Physics,Physics,Colonel,US Marine Corps Reserves,1,260,0,0,Apollo 7,,
Robert L. Behnken,2000,18,Active,7/28/1970,"Creve Couer, MO",Creve Coeur,38.6672,-90.4425,Male,Washington University; California Institute of Technology,Physics & Mechanical Engineering,Mechanical Engineering,Colonel,US Air Force,2,708,6,37,"STS-123 (Endeavor), STS-130 (Endeavor)",,
Piers J. Sellers,1996,16,Management,4/11/1955,"Crowborough, England",Crowborough,51.06,0.16,Male,University of Edinburgh; Leeds University,Ecological Science,Biometeorology,,,3,839,6,41,"STS-112 (Atlantis), STS-121 (Discovery), STS-132 (Atlantis)",,
Jerry L. Ross,1980,9,Retired,1/20/1948,"Crown Point, IN",Crown Point,41.4217,-87.3561,Male,Purdue University,Mechanical Engineering,Mechanical Engineering,Colonel,US Air Force (Retired),7,1393,9,58,"ST 61-B (Atlantis), ST-27 (Atlantis), ST-37 (Atlantis), STS-55 (Columbia), STS-74 (Atlantis), STS-88 (Endeavor), STS-110 (Atlantis)",,
Jeffrey S. Ashby,1995,15,Retired,6/1/1954,"Dallas, TX",Dallas,32.7758,-96.7967,Male,University of Idaho; University of Tennessee,Mechanical Engineering,Aviation Systems,Captain,US Navy (Retired),3,655,0,0,"STS-93 (Columbia), STS-100 (Endeavor), STS-112 (Atlantis)",,
William F. Fisher,1980,9,Retired,4/1/1946,"Dallas, TX",Dallas,32.7758,-96.7967,Male,Stanford University; University of Houston; University of Florida,,Engineering; Medicine,,,1,170,2,12,STS 51-I (Discovery),,
Donald L. Holmquest,1967,6,Retired,4/7/1939,"Dallas, TX",Dallas,32.7758,-96.7967,Male,Southern Methodist University; Baylor University; University of Houston,Electrical Engineering,Physiology; Medicine; Law,,,0,0,0,0,,,
Elliot M. See Jr. ,1962,2,Deceased,7/23/1927,"Dallas, TX",Dallas,32.7758,-96.7967,Male,US Merchant Marine Academy; University of California-Los Angeles,,Engineering,,,0,0,0,0,,2/28/1966,
Joseph R. Tanner,1992,14,Retired,1/21/1950,"Danville, IL",Danville,40.1244,-87.63,Male,University of Illinois,Mechanical Engineering,,,,4,1045,7,46,"STS-66 (Atlantis), STS-82 (Discovery), STS-97 (Endeavor), STS-115 (Discovery)",,
Charles A. Bassett II ,1963,3,Deceased,12/30/1931,"Dayton, OH",Dayton,39.761,-84.1922,Male,Texas Technological College,Electrical Engineering,,Captain,US Air Force,0,0,0,0,,2/28/1966,
Mae C. Jemison,1987,12,Retired,10/17/1956,"Decatur, AL",Decatur,34.6058,-86.9833,Female,Stanford University; Cornell University,Chemical Engineering,Medicine,,,1,190,0,0,STS-47 (Endeavor),,
Kent V. Rominger,1992,14,Retired,8/7/1956,"Del Norte, CO",Del Norte,37.6788919,-106.3533683,Male,Colorado State University; US Naval Postgraduate School,Civil Engineering,Aeronautical Engineering,Captain,US Navy (Retired),5,1611,0,0,"STS-73 (Columbia), STS-80 (Columbia), STS-85 (Discovery), STS-96 (Discovery), STS-100 (Endeavor)",,
Gregory T. Linteris,,,Retired,10/4/1957,"Demarest, NJ",Demarest,40.9572,-73.9619,Male,Princeton University; Stanford University,Chemical Engineering,Mechanical Engineering; Mechanical & Aerospace Engineering,,,2,471,0,0,"STS-83 (Columbia), STS-94 (Columbia)",,
Gerald P. Carr,1966,5,Retired,8/22/1932,"Denver, CO",Denver,35.53125,-81.0298,Male,University of Southern California; US Naval Postgraduate School; Princeton University,Mechanical Engineering,Aeronautical Engineering,Colonel,US Marine Corps (Retired),1,2017,3,16,Skylab 4,,
J. Mike Lounge,1980,9,Deceased,6/28/1946,"Denver, CO",Denver,35.53125,-81.0298,Male,US Naval Academy; University of Colorado,Mathematics & Physics,Astrogeophysics,,,3,483,0,0,"STS 51-I (Discovery), STS-26 (Discovery), STS-35 (Columbia)",3/1/2011,
John L. Swigert Jr. ,1966,5,Deceased,8/30/1931,"Denver, CO",Denver,35.53125,-81.0298,Male,University of Colorado; Rensselaer Polytechnic Institute; University of Hartford,Mechanical Engineering,Aerospace Science; Business Administration,,,1,142,0,0,Apollo 13,12/27/1982,
Dominic A. Antonelli,2000,18,Active,8/23/1967,"Detroit, MI",Detroit,42.3329,-83.0478,Male,MIT; University of Washington,Aeronautics & Astronautics,Aeronautics & Astronautics,Commander,US Navy,2,579,0,0,"STS-119 (Discovery), STS-132 (Atlantis)",,
Gregory B. Jarvis,,,Deceased,8/24/1944,"Detroit, MI",Detroit,42.3329,-83.0478,Male,State University of New York at Buffalo; Northeastern University,Electrical Engineering,Electrical Engineering,,,1,0,0,0,STS 51-L (Challenger),1/28/1986,STS 51-L (Challenger)
Joe H. Engle,1966,5,Retired,8/26/1932,"Dickinson, KS",Dickinson,38.8505977,-97.179026,Male,University of Kansas,Aeronautical Engineering,,Major General,US Air Force (Retired),2,224,0,0,"STS-2 (Columbia), STS 51-I (Discovery)",,
Stuart A. Roosa,1966,5,Deceased,8/16/1933,"Durango, CO",Durango,37.27528,-107.8800667,Male,University of Colorado,Aeronautical Engineering,,Colonel,US Air Force (Retired),1,216,0,0,Apollo 14,12/12/1994,
Alan B. Shepard Jr. ,1959,1,Deceased,11/18/1923,"East Derry, NH",East Derry,42.8943,-71.296,Male,US Naval Academy,Naval Sciences,,Rear Admiral,US Navy (Retired),2,216,2,9,"Mercury 3, Apollo 14",7/21/1998,
Patrick G. Forrester,1996,16,Management,3/31/1957,"El Paso, TX",El Paso,31.7903,-106.4233,Male,US Military Academy; University of Virginia,Applied Science & Engineering,Mechanical & Aerospace Engineering,Colonel,US Army (Retired),3,950,4,25,"STS-105 (Discovery), STS-117 (Atlantis), STS-128 (Discovery)",,
Curtis L. Brown Jr. ,1987,12,Retired,3/11/1956,"Elizabethtown, NC",Elizabethtown,34.6294,-78.6074,Male,US Air Force Academy,Electrical Engineering,,Colonel,US Air Force (Retired),6,1383,0,0,"STS-47 (Endeavor), STS-66 (Atlantis), STS-77 (Endeavor), STS-85 (Discovery), STS-95 (Discovery), STS-103 (Discovery)",,
Eileen M. Collins,1990,13,Retired,11/19/1959,"Elmira, NY",Elmira,42.0898,-76.8083,Female,Syracuse University; Stanford University; Webster University,Mathematics & Economics,Operations Research; Space Systems Management,Colonel,US Air Force (Retired),4,890,0,0,"STS-63 (Discovery), STS-84 (Atlantis), STS-114 (Columbia), STS-93 (Discovery)",,
Douglas G. Hurley,2000,18,Active,10/21/1966,"Endicott, NY",Endicott,42.1031,-76.0547,Male,Tulane University,Civil Engineering,,Colonel,US Marine Corps,2,683,0,0,"STS-127 (Endeavor), STS-135 (Atlantis)",,
Owen K. Garriott,1965,4,Retired,11/22/1930,"Enid, OK",Enid,36.4006,-97.8808,Male,University of Oklahoma; Stanford University,Electrical Engineering,Electrical Engineering,,,2,1674,3,14,"Skylab 3, STS-9 (Columbia)",,
Paul J. Weitz,1966,5,Retired,6/25/1932,"Erie, PA",Erie,42.1296,-80.0852,Male,Pennsylvania State University; US Naval Postgraduate School,Aeronautical Engineering,Aeronautical Engineering,Captain,US Navy (Retired),2,793,1,2,"Skylab 2, STS-6 (Challenger)",,
Sunita L. Williams,1998,17,Active,9/19/1965,"Euclid, OH",Euclid,41.5956,-81.5192,Female,US Naval Academy; Florida Institute of Technology,Physical Science,Engineering Management,Captain,US Navy,2,7721,7,50,"STS-116/117 (Discovery/Atlantis), ISS-32/33 (Soyuz)",,
James P. Dutton Jr. ,2004,19,Management,11/20/1968,"Eugene, OR",Eugene,44.0522,-123.0912,Male,US Air Force Academy; University of Washington,Astronautical Engineering,Aeronautics & Astronautics,Colonel,US Air Force,1,362,0,0,STS-131 (Discovery),,
Dale A. Gardner,1978,8,Retired,11/8/1948,"Fairmont, MN",Fairmont,43.6522,-94.4611,Male,University of Illinois,Engineering Physics,,Captain,US Navy (Retired),2,336,2,12,"STS-8 (Challenger), STS 51-A (Discovery)",,
William E. Thornton,1967,6,Retired,4/14/1929,"Faison, NC",Faison,35.1152,-78.1374,Male,University of North Carolina,Physics,Medicine,,,2,315,0,0,"STS-8 (Challenger), STS 51-B (Challenger)",,
Mark T. Vande Hei,2009,20,Active,11/10/1966,"Falls Church, VA",Falls Church,38.882334,-77.1710914,Male,Saint John’s University; Stanford University,Physics,Applied Physics,Colonel,US Army,0,0,0,0,,,
Kathleen Rubins,2009,20,Active,10/14/1978,"Farmington, CT",Farmington,41.7278,-72.8403,Female,University of California-San Diego; Stanford University,Molecular Biology,Cancer Biology,,,1,2762,2,13,ISS-48/49 (Soyuz),,
Richard H. Truly,1969,7,Retired,11/12/1937,"Fayette, MS",Fayette,31.71,-91.0621,Male,Georgia Institute of Technology,Aeronautical Engineering,,Vice Admiral,US Navy (Retired),2,199,0,0,"STS-2 (Columbia), STS-8 (Challenger)",,
Ellen S. Baker,1984,10,Retired,4/27/1953,"Fayettesville, NC",Opal,38.6208,-77.8,Female,State University of New York-Buffalo; Cornell University; University of Texas,Geology,Medicine; Public Health,,,3,686,0,0,"STS-34 (Atlantis), STS-50 (Columbia), STS-71 (Atlantis)",,
Richard O. Covey,1978,8,Retired,8/1/1946,"Fayetteville, AR",Fayetteville,36.0764,-94.1608,Male,US Air Force Academy; Purdue University,Engineering Science,Aeronautics & Astronautics,Colonel,US Air Force (Retired),4,645,0,0,"STS 51-l (Discovery), STS-26 (Discovery), STS-38 (Atlantis), STS-61 (Endeavor)",,
Michael J. Bloomfield,1995,15,Retired,3/16/1959,"Flint, MI",Flint,43.0099,-83.6851,Male,US Air Force Academy; Old Dominion University,Engineering Mechanics,Engineering Management,Colonel,US Air Force (Retired),3,779,0,0,"STS-86 (Atlantis), STS-97 (Endeavor), STS-110 (Atlantis)",,
Donald R. McMonagle,1987,12,Retired,5/14/1952,"Flint, MI",Flint,43.0099,-83.6851,Male,US Air Force Academy; California State University-Fresno,Astronautical Engineering,Mechanical  Engineering,Colonel,US Air Force (Retired),3,605,0,0,"STS-39 (Discovery), STS-54 (Endeavor), STS-66 (Atlantis)",,
James D. Wetherbee,1984,10,Retired,11/27/1952,"Flushing, NY",Flushing,40.7615,-73.8311,Male,University of Notre Dame,Aerospace Engineering,,Captain,US Navy (Retired),6,1594,0,0,"STS-32 (Columbia), STS-52 (Columbia), STS-63 (Discovery), STS-86 (Atlantis), STS-102 (Discovery), STS-113 (Endeavor)",,
Randolph J. Bresnik,2004,19,Active,9/11/1967,"Fort Knox, KY",Fort Knox,37.92,-85.96,Male,The Citadel; University of Tennessee-Knoxville,Mathematics,Aviation Systems,Colonel,US Marine Corps,1,259,2,12,STS-129 (Atlantis),,
Stephen D. Thorne,1985,11,Deceased,2/11/1953,"Frankfurt, West Germany",Frankfurt,50.1109,8.6795,Male,US Naval Academy,Engineering,,Lieutenant Commander,US Navy,0,0,0,0,,5/24/1986,
Jose M. Hernandez,2004,19,Retired,8/7/1962,"French Camp, CA",French Camp,37.8828,-121.2797,Male,University of the Pacific; University of California-Santa Barbara,Electrical Engineering,Electrical & Computer Engineering,,,1,332,0,0,STS-128 (Discovery),,
Barbara R. Morgan,1998,17,Retired,11/28/1951,"Fresno, CA",Fresno,36.7317,-119.7859,Female,Stanford University,Human Biology,,,,1,305,0,0,STS-118 (Endeavor),,
James D. van Hoften,1978,8,Retired,6/11/1944,"Fresno, CA",Fresno,36.7317,-119.7859,Male,University of California-Berkeley; Colorado State University,Civil Engineering,Hydraulic Engineering; Fluid Mechanics,,,2,338,4,22,"STS 41-C (Challenger), STS 51-I (Discovery)",,
William A. Oefelein,1998,17,Retired,3/29/1965,"Ft. Belvoir, VA",Fort Belvoir,38.7197,-77.1546,Male,Oregon State University; University of Tennessee,Electrical Engineering,Aviation Systems,Commander,US Navy (Retired),1,308,0,0,STS-116 (Discovery),,
John L. Phillips,1996,16,Retired,4/15/1951,"Ft. Belvoir, VA",Fort Belvoir,38.7197,-77.1546,Male,US Naval Academy; University of West Florida; University of California-Los Angeles,Mathematics; Russian,Aeronautical Systems; Geophysics & Space Physics,Captain,US Naval Reserves (Retired),3,4880,1,5,"STS-100 (Endeavor), ISS-11 (Soyuz), STS-119 (Discovery)",,
Timothy J. Creamer,1998,17,Management,11/15/1959,"Ft. Huachuca, AZ",Fort Huachuca,31.5554,-110.3498,Male,Loyola College; MIT,Chemistry,Physics,Colonel,US Army (Retired),1,3917,0,0,ISS-22/23 (Soyuz),,
Frank Borman,1962,2,Retired,3/14/1928,"Gary, IN",Gary,41.5956,-87.3453,Male,US Military Academy; California Institute of Technology,,Aeronautical Engineering,Colonel,US Air Force (Retired),2,477,0,0,"Gemini 7, Apollo 8",,
John M. Fabian,1978,8,Retired,1/28/1939,"Goosecreek, TX",Baytown,29.7439,-94.9658,Male,Washington State University; US Air Force Institute of Technology; University of Washington,Mechanical Engineering,Aerospace Engineering; Aeronautics & Astronautics,Colonel,US Air Force (Retired),2,316,0,0,"STS-7 (Challenger), STS 51-G (Discovery)",,
Roger B. Chaffee,1963,3,Deceased,2/15/1935,"Grand Rapids, MI",Grand Rapids,42.9655,-85.6702,Male,Purdue University,Aeronautical Engineering,,Lieutenant Commander,US Navy,1,0,0,0,Apollo 1,1/27/1967,Apollo 1
Jack R. Lousma,1966,5,Retired,2/29/1936,"Grand Rapids, MI",Grand Rapids,42.9655,-85.6702,Male,University of Michigan; US Naval Postgraduate School,Aeronautical Engineering,Aeronautical Engineering,Colonel,US Marine Corps (Retired),2,1619,2,11,"Skylab 3, STS-3 (Columbia)",,
John H. Casper,1984,10,Management,7/9/1943,"Greenville, SC",Greenville,34.8444,-82.3856,Male,US Air Force Academy; Purdue University,Engineering Science,Astronautics,Colonel,US Air Force (Retired),4,825,0,0,"STS-36 (Atlantis), STS-54 (Endeavor), STS-62 (Columbia), STS-77 (Endeavor)",,
Pierre J. Thuot,1985,11,Retired,5/19/1955,"Groton, CT",Groton,41.3437,-72.0788,Male,US Naval Academy; University of Southern California,Physics,Systems Management,Commander,US Navy,3,654,3,17,"STS-36 (Atlantis), STS-49 (Endeavor), STS-62 (Columbia)",,
William A. Pailes,,,Retired,6/26/1952,"Hackensack, NJ",Hackensack,40.8894,-74.0457,Male,US Air Force Academy; Texas A&M University,Computer Science,Computer Science,Colonel,US Air Force (Retired),1,97,0,0,STS 51-J (Atlantis),,
Walter M. Schirra Jr. ,1959,1,Deceased,3/12/1923,"Hackensack, NJ",Hackensack,40.8894,-74.0457,Male,US Naval Academy,Naval Sciences,,Captain,US Navy (Retired),3,295,0,0,"Mercury 8, Gemini 6, Apollo 7",5/2/2007,
Robert L. Satcher Jr. ,2004,19,Retired,9/22/1965,"Hampton, VA",Hampton,37.0298687,-76.3452218,Male,MIT; Harvard University,Chemical Engineering,Chemical Engineering; Medicine,,,1,259,2,12,STS-129 (Atlantis),,
Sherwood C. Spring,1980,9,Retired,9/23/1944,"Hartford, CT",Hartford,41.7658,-72.6734,Male,US Military Academy; University of Arizona,Engineering,Aerospace Engineering,Colonel,US Army (Retired),1,165,2,12,STS 61-B (Atlantis),,
Theodore C. Freeman,1963,3,Deceased,2/18/1930,"Haversford, PA",Haverford,40.0131,-75.2944,Male,US Naval Academy; University of Michigan,,Aeronautical Engineering,Captain,US Air Force,0,0,0,0,,10/31/1964,
Edgar D. Mitchell,1966,5,Retired,9/17/1930,"Hereford, TX",Hereford,34.8219,-102.3986,Male,Carnegie-Mellon University; US Naval Postgraduate School; MIT,Industrial Management,Aeronautical Engineering; Aeronautics & Astronautics,Captain,US Navy (Retired),1,216,2,9,Apollo 14,,
William A. Anders,1963,3,Retired,10/17/1933,Hong Kong,Hong Kong,22.3193039,114.1693611,Male,US Naval Academy; Air Force Institute of Technology,Nuclear Engineering,Nuclear Engineering,Major General,US Air Force Reserves (Retired),1,147,0,0,Apollo 8,,
K. Megan McArthur,2000,18,Active,8/30/1971,"Honolulu, HI",Honolulu,21.3099,-157.8582,Female,University of California-Los Angeles; University of California-San Diego,Aerospace Engineering,Oceanography,,,1,309,0,0,STS-125 (Atlantis),,
Shannon Walker,2004,19,Active,6/4/1965,"Houston, TX",Houston,29.7628,-95.3831,Female,Rice University,Space Physics,Space Physics,,,1,3919,0,0,ISS-24/25 (Soyuz),,
Patricia Hilliard Robertson,1998,17,Deceased,3/12/1963,"Indiana, PA",Indiana,40.6167,-79.15,Female,Indiana University of Pennsylvania; Medical College of Pennsylvania,Biology,Medicine,,,0,0,0,0,,5/24/2001,
Serena M. Aunon,2009,20,Active,4/9/1976,"Indianapolis, IN",Indianapolis,39.791,-86.148,Female,George Washington University; University of Texas,Electrical Engineering,Medicine,,,0,0,0,0,,,
Anthony W. England,1967,6,Retired,5/15/1942,"Indianapolis, IN",Indianapolis,39.791,-86.148,Male,MIT,Geology,Geology; Geophysics,,,1,190,0,0,STS 51-F (Challenger),,
David A. Wolf,1990,13,Retired,8/23/1956,"Indianapolis, IN",Indianapolis,39.791,-86.148,Male,Purdue University; Indiana University,Electrical Engineering,Medicine,,,3,4044,7,41,"STS-58 (Columbia). STS-86/89 (Atlantis/Endeavor), STS-112 (Atlantis), STS-127 (Endeavor)",,
Joseph M. Acaba,2004,19,Active,5/17/1967,"Inglewood, CA",Inglewood,33.9618,-118.3533,Male,University of California-Santa Barbara; University of Arizona,Geology,Geology,,,2,3307,2,13,"STS-119 (Discovery), ISS-31/32 (Soyuz)",,
Alfred M. Worden,1966,5,Retired,2/7/1932,"Jackson, MI",Jackson,42.2458,-84.4014,Male,US Military Academy; University of Michigan,Military Science,Aeronautical & Astronautical Engineering,Colonel,US Air Force (Retired),1,295,1,0.5,Apollo 15,,
Wendy B. Lawrence,1992,14,Retired,7/2/1959,"Jacksonville, FL",Jacksonville,30.3369,-81.6614,Female,US Naval Academy; MIT,Ocean Engineering,Ocean Engineering,Captain,US Navy (Retired),4,1223,0,0,"STS-67 (Endeavor), STS-86 (Atlantis), STS-91 (Discovery), STS-114 (Discovery)",,
Richard J. Hieb,1985,11,Retired,9/21/1955,"Jamestown, ND",Jamestown,46.9116,-98.7086,Male,Northwest Nazarene College; University of Colorado,Mathematics & Physics,Aerospace Engineering,,,3,766,3,18,"STS-39 (Discovery), STS-49 (Endeavor), STS-65 (Columbia)",,
Roger K. Crouch,,,Retired,9/12/1940,"Jamestown, TN",Jamestown,36.4292,-84.9325,Male,Tennessee Polytechnic Institute; Virginia Polytechnic Institute,Physics,Physics,,,1,471,0,0,"STS-83 (Columbia), STS-94 (Columbia)",,
Loren J. Shriver,1978,8,Retired,9/23/1944,"Jefferson, IA",Jefferson,42.0153,-94.3774,Male,US Air Force Academy; Purdue University,Aeronautical Engineering,Astronautical Engineering,Colonel,US Air Force (Retired),3,386,0,0,"STS 51-C (Discovery), STS-31 (Discovery), STS-46 (Atlantis)",,
George D. Zamka,1998,17,Retired,6/29/1962,"Jersey City, NJ",Jersey City,40.714,-74.071,Male,US Naval Academy; Florida Institute of Technology,Mathematics,Engineering Management,Colonel,US Marine Corps (Retired),2,692,0,0,"STS-120 (Discovery), STS-130 (Endeavor)",,
Taylor G. Wang,,,Retired,6/16/1940,"Jiangxi, China",Jiangxi,27.0874564,114.9042208,Male,University of California at Los Angeles,Physics,Physics,,,1,168,0,0,STS 51-B (Challenger),,
Kalpana Chawla,1995,15,Deceased,6/1/1961,"Karnal, India",Karnal,29.6902,77.0051,Female,Punjab Engineering College; University of Texas-Arlington; University of Colorado,Aeronautical Engineering,Aerospace Engineering,,,2,734,0,0,"STS-87 (Columbia), STS-107 (Columbia)",2/1/2003,STS-107 (Columbia)
Ellison S. Onizuka,1978,8,Deceased,6/24/1946,"Kealakekua, HI",Kealakekua,19.521,-155.9205,Male,University of Colorado,Aerospace Engineering,Aerospace Engineering,Lieutenant Colonel,US Air Force,2,73,0,0,"STS 51-C (Discovery), STS 51-L (Challenger)",1/28/1986,STS 51-L (Challenger)
Richard N. Richards,1980,9,Retired,8/24/1946,"Key West, FL",Key West,24.5592,-81.784,Male,University of Missouri; University of West Florida,Chemical Engineering,Aeronautical Systems,Captain,US Navy (Retired),4,813,0,0,"STS-28 (Columbia), STS-41 (Discovery), STS-50 (Columbia), STS-64 (Discovery)",,
Robert Shane Kimbrough,2004,19,Active,6/4/1967,"Killeen, TX",Killeen,31.1178,-97.7311,Male,US Military Academy; Georgia Institute of Technology,Aerospace Engineering,Operations Research,Colonel,US Army,3,3720,4,25,"STS-126 (Endeavor), ISS-49/50 (Soyuz)",,
Frederick W. Sturckow,1995,15,Retired,8/11/1961,"La Mesa, CA",La Mesa,32.7714,-117.0228,Male,California Polytechnic State University,Mechanical Engineering,,Colonel,US Marine Corps (Retired),4,1233,0,0,"STS-88 (Endeavor), STS-105 (Discovery), STS-117 (Atlantis), STS-128 (Discovery)",,
F. Curtis Michel,1965,4,Retired,6/5/1934,"LaCrosse, WI",La Crosse,43.8088,-91.2519,Male,California Institute of Technology,Physics,Physics,,,0,0,0,0,,,
Donald E. Williams,1978,8,Retired,2/13/1958,"Lafayette, IN",Lafayette,40.4173,-86.8906,Male,Purdue University,Mechanical Engineering,,Captain,US Navy (Retired),2,287,0,0,"STS 51-D (Discovery), STS-34 (Atlantis)",,
Dominic L. Gorie,1995,15,Retired,5/2/1957,"Lake Charles, LA",Lake Charles,30.2147,-93.2086,Male,US Naval Academy; University of Tennessee,Ocean Engineering,Aviation Systems,Captain,US Navy (Retired),4,1167,0,0,"STS-91 (Discovery), STS-99 (Endeavor), STS-123 (Endeavor), STS-108 (Endeavor)",,
Ronald E. McNair,1978,8,Deceased,10/21/1950,"Lake City, SC",Lake City,33.8686,-79.7526,Male,North Carolina A&T State College; MIT,Physics,Physics,,,2,191,0,0,"STS 41-B (Challenger), STS 51-L (Challenger)",1/28/1986,STS 51-L (Challenger)
Andrew J. Feustel,2000,18,Active,8/25/1965,"Lancaster, PA",Lancaster,40.0394,-76.3071,Male,Purdue University; Queen’s University-Canada,Solid Earth Sciences,Geophysics; Seismology,,,2,687,6,42,"STS-125 (Atlantis), STS-134 (Endeavor)",,
William S. McArthur Jr. ,1990,3,Management,7/26/1951,"Laurinburg, NC",Laurinburg,34.7647,-79.4703,Male,US Military Academy; Georgia Institute of Technology,Applied Science & Engineering,Aerospace Engineering,Colonel,US Army (Retired),4,5398,4,24,"STS-58 (Columbia), STS-74 (Atlantis), STS-92 (Discovery), ISS-12 (Soyuz)",,
Michael S. Hopkins,2009,20,Active,12/28/1968,"Lebanon, MO",Lebanon,37.6754,-92.664,Male,University of Illinois; Stanford University,Aerospace Engineering,Aerospace Engineering,Colonel,US Air Force,1,3990,2,13,ISS-37/38 (Soyuz),,
Loren W. Acton,,,Retired,3/7/1936,"Lewiston, MT",Lewiston,43.167,-78.967,Male,Montana State University; University of Colorado,Engineering Physics,Solar Physics,,,1,190,0,0,STS 51-F (Challenger),,
Carlos I. Noriega,1995,15,Retired,10/8/1959,"Lima, Peru",Lima,-12.0433,-77.0283,Male,University of Southern California; US Naval Postgraduate School,Computer Science,Computer Science; Space Systems Operations,Lieutenant Colonel,US Marine Corps (Retired),2,481,3,19,"STS-84 (Atlantis), STS-97 (Endeavor)",,
Scott D. Altman,1995,15,Retired,8/15/1959,"Lincoln, IL",Lincoln,40.15,-89.3675,Male,University of Illinois; US Naval Postgraduate School,Aeronautical & Astronautical Engineering,Aeronautical Engineering,Captain,US Navy (Retired),4,1236,0,0,"STS-90 (Columbia), STS-106 (Atlantis), STS-109 (Columbia), STS-125 (Atlantis)",,
Scott E. Parazynski,1992,14,Retired,7/28/1961,"Little Rock, AR",Little Rock,34.7361,-92.3311,Male,Stanford University,Biology,Medicine,,,5,1404,7,47,"STS-66 (Atlantis), STS-86 (Atlantis), STS-95 (Discovery), STS-100 (Endeavor), STS-120 (Discovery)",,
William G. Gregory,1990,13,Retired,5/14/1957,"Lockport, NY",Lockport,43.1689,-78.6968,Male,US Air Force Academy; Columbia University; Troy State University,Engineering Science,Engineering Mechanics; Business Management,Lieutenant Colonel,US Air Force,1,399,0,0,STS-67 (Endeavor),,
Gregory H. Johnson,1998,17,Active,5/12/1962,"London, England",London,51.5002,-0.1262,Male,US Air Force Academy; Columbia University; University of Texas,Aeronautical Engineering,Flight Structures Engineering; Business Administration,Colonel,US Air Force (Retired),2,755,0,0,"STS-123 (Endeavor), STS-134 (Endeavor)",,
Frederick H. Hauck,1978,8,Retired,4/11/1941,"Long Beach, CA",Long Beach,33.7683,-118.1956,Male,Tufts University; MIT,Physics,Nuclear Engineering,Captain,US Navy (Retired),3,435,0,0,"STS-7 (Challenger), STS 51-A (Discovery), STS-26 (Discovery)",,
Vance D. Brand,1966,5,Retired,5/9/1931,"Longmont, CA",Longmont,40.1717,-105.1092,Male,University of Colorado; University of California Los Angeles,Business Management; Aeronautical Engineering,Business Administration,,US Marine Corps Reserves,4,752,0,0,"Apollo-Soyuz Test Project, STS-5 (Columbia), STS 41-B (Challenger), STS-35 (Columbia)",,
Robert F. Overmyer,1969,7,Deceased,7/14/1936,"Lorain, OH",Lorain,41.4483,-82.1689,Male,Baldwin Wallace College; US Naval Postgraduate School,Physics,Aeronautics,Colonel,US Marine Corps (Retired),2,290,0,0,"STS-5 (Columbia), STS 51-B (Challenger)",3/22/1996,
Kevin P. Chilton,1987,12,Retired,3/11/1954,"Los Angeles, CA",Los Angeles,34.0522,-118.2433,Male,US Air Force Academy; Columbia University,Engineering Science,Mechanical Engineering,Brigadier General,US Air Force (Retired),3,700,0,0,"STS-49 (Endeavor), STS-59 (Endeavor), STS-76 (Atlantis)",,
Ellen Ochoa,1990,13,Management,5/10/1958,"Los Angeles, CA",Los Angeles,34.0522,-118.2433,Female,San Diego State University; Stanford University,Physics,Electrical Engineering,,,4,979,0,0,"STS-56 (Discovery), STS-66 (Atlantis), STS-96 (Discovery), STS-110 (Atlantis)",,
Sally K. Ride,1978,8,Deceased,5/26/1951,"Los Angeles, CA",Los Angeles,34.0522,-118.2433,Female,Stanford University,Physics; English,Physics,,,2,343,0,0,"STS-7 (Challenger), STS 41-G (Challenger)",7/23/2012,
Jack D. Fischer,2009,20,Active,1/23/1974,"Louisville, CO",Louisville,38.25,-85.7667,Male,US Air Force Academy; MIT,Astronautical Engineering,Aeronautics & Astronautics,,,0,0,0,0,,,
C. Michael Foale,1987,12,Active,1/6/1957,"Louth, England",Louth,53.3671,-0.0079,Male,Cambridge University,Physics,Laboratory Astrophysics,,,6,8970,4,22,"STS-45 (Atlantis), STS-56 (Discovery), STS-63 (Discovery), STS-84/86 (Atlantis), STS-103 (Discovery), ISS-08 (Soyuz)",,
Richard M. Linnehan,1992,14,Management,9/19/1957,"Lowell, MA",Lowell,42.6394,-71.3147,Male,University of New Hampshire; Ohio State University; Harvard University,Animal Science,Veterinary Medicine; Public Administration,,,4,1427,6,43,"STS-78 (Columbia), STS-90 (Columbia), STS-109 (Columbia), STS-123 (Endeavor)",,
Leland D. Melvin,1998,17,Management,2/15/1964,"Lynchburg, VA",Lynchburg,37.4137536,-79.1422464,Male,University of Richmond; University of Virginia,Chemistry,Materials Science Engineering,,,2,565,0,0,"STS-122 (Atlantis), STS-129 (Atlantis)",,
Daniel C. Burbank,1996,16,Active,7/27/1961,"Machester, CT",Manchester,53.4807,-2.2344,Male,US Coast Guard Academy; Embry-Riddle Aeronautical University,Electrical Engineering,Aeronautical Science,Captain,US Coast Guard (Retired),3,4512,1,7,"STS-106 (Atlantis), STS-115 (Atlantis), ISS-29/30 (Soyuz)",,
Manley Lanier Carter Jr. ,1984,10,Deceased,8/15/1947,"Macon, GA",Macon,32.8381,-83.6705,Male,Emory University,Chemistry,Medicine,Captain,US Navy,1,120,0,0,STS-33 (Discovery),4/5/1991,
Michael E. Lopez-Alegria,1992,14,Retired,5/30/1958,"Madrid, Spain",Madrid,40.4167,-3.7003,Male,US Naval Academy; US Naval Postgraduate School,Systems Engineering,Aeronautical Engineering,Captain,US Navy (Retired),3,6190,10,67,"STS-73 (Columbia), STS-92 (Discovery), STS-113 (Endeavor), ISS-14 (Soyuz)",,
Lee M. Morin,1996,16,Management,9/9/1952,"Manchester, NH",Manchester,42.9909,-71.4631,Male,University of New Hampshire; University of Alabama-Birmingham; New York University,Mathematical & Electrical Science,Public Health; Biochemistry; Medicine; Microbiology,Captain,US Navy,1,259,2,14,STS-110 (Atlantis),,
Michael L. Gernhardt,1992,14,Management,5/4/1956,"Mansfield, OH",Mansfield,40.75,-82.5167,Male,Vanderbilt University; University of Pennsylvania,Physics,Bioengineering,,,4,1039,4,23,"STS-69 (Endeavor), STS-83 (Columbia), STS-94 (Columbia), STS-104 (Atlantis)",,
Norman E. Thagard,1978,8,Retired,7/3/1943,"Marianna, FL",Marianna,30.7764,-85.2381,Male,Florida State University; University of Texas,Engineering Science,Engineering Science; Medicine,,,5,3373,0,0,"STS-7 (Challenger), STS 51-B (Challenger), STS-30 (Atlantis), STS-42 (Discovery), STS-71 (Soyuz/Atlantis)",,
Philip K. Chapman,1967,6,Retired,3/5/1935,"Melbourne, Australia",Melbourne,-37.8136,144.9631,Male,University of Sydney; MIT,Physics & Mathematics,Aeronautics & Astronautics; Instrumentation,,,0,0,0,0,,,
Michael A. Baker,1985,11,Management,10/27/1953,"Memphis, TN",Memphis,35.1174,-89.9711,Male,University of Texas,Aerospace Engineering,,Captain,US Navy (Retired),4,965,0,0,"STS-43 (Atlantis), STS-52 (Columbia), STS-68 (Endeavor), STS-81 (Atlantis)",,
John S. Bull,1966,5,Deceased,9/25/1934,"Memphis, TN",Memphis,35.1174,-89.9711,Male,Rice University; Stanford University,Mechanical Engineering,Aeronautical Engineering,,,0,0,0,0,,8/11/2008,
Eric A. Boe,2000,18,Active,10/1/1964,"Miami, FL",Miami,25.7751,-80.1947,Male,US Air Force Academy; Georgia Institute of Technology,Aeronautical Engineering,Electrical Engineering,Colonel,US Air Force,2,687,0,0,"STS-126 (Endeavor), STS-133 (Discovery)",,
William B. Lenoir,1967,6,Deceased,3/14/1939,"Miami, FL",Miami,25.7751,-80.1947,Male,MIT,Electrical Engineering,Electrical Engineering,,,1,122,0,0,STS-5 (Columbia),8/26/2012,
Bill Nelson,,,Retired,9/29/1942,"Miami, FL",Miami,25.7751,-80.1947,Male,Yale University; University of Virginia,,Law,Captain,US Army (Retired),1,146,0,0,STS 61-C (Columbia),,
Winston E. Scott,1992,14,Retired,8/6/1950,"Miami, FL",Miami,25.7751,-80.1947,Male,Florida State University; US Naval Postgraduate School,Music,Aeronautical Engineering,Captain,US Navy (Retired),2,590,3,19,"STS-72 (Endeavor), STS-87 (Columbia)",,
Don L. Lind,1966,5,Retired,5/18/1930,"Midvale, UT",Midvale,40.6139,-111.8883,Male,University of Utah; University of California-Berkley,Physics,Nuclear Physics,,,1,168,0,0,STS 51-B (Challenger),,
Leroy Chiao,1990,13,Retired,8/28/1960,"Milwaukee, WI",Milwaukee,43.05,-87.95,Male,University of California-Berkeley; University of California-Santa Barbara,Chemical Engineering,Chemical Engineering,,,4,5503,6,36,"STS-65 (Columbia), STS-72 (Endeavor), STS-92 (Discovery), ISS-10 (Soyuz)",,
Millie Hughes-Fulford,,,Retired,12/21/1945,"Mineral Wells, TX",Mineral Wells,32.8092,-98.1129,Female,Tarleton State University; Texas Woman’s University,Chemistry & Biology,,,,1,218,0,0,STS-40 (Columbia),,
Robert D. Cabana,1985,11,Management,1/23/1949,"Minneapolis, MN",Minneapolis,44.9833,-93.2667,Male,US Naval Academy,Mathematics,,Colonel,US Marine Corps (Retired),4,910,0,0,"STS-41 (Discovery), STS-53 (Discovery), STS-65 (Columbia), STS-88 (Endeavor)",,
Virgil I. Grissom,1959,1,Deceased,4/3/1926,"Mitchell, IN",Mitchell,38.7339,-86.4744,Male,Purdue University,Mechanical Engineering,,Lieutenant Colonel,US Air Force,2,5,0,0,"Mercury 4, Gemini 3, Apollo 1",1/27/1967,Apollo 1
Kathryn P. Hire,1995,15,Management,8/26/1959,"Mobile, AL",Mobile,30.6889,-88.0448,Female,US Naval Academy; Florida State Institute of Technology,Engineering Management,Space Technology,Captain,US Naval Reserves,2,711,0,0,"STS-90 (Columbia), STS-130 (Endeavor)",,
Clifton C. Williams Jr. ,1963,3,Deceased,9/26/1932,"Mobile, AL",Mobile,30.6889,-88.0448,Male,Auburn University,Mechanical Engineering,,Major,US Marine Corps,0,0,0,0,,10/5/1967,
James D. Halsell Jr. ,1990,13,Retired,9/29/1956,"Monroe, LA",Monroe,32.5008,-92.1112,Male,US Air Force Academy; Troy State University; US Air Force Institute of Technology,Engineering,Business Management; Space Operations,Colonel,US Air Force (Retired),5,1258,0,0,"STS-65 (Columbia), STS-74 (Atlantis), STS-83 (Columbia), STS-94 (Columbia), STS-101 (Atlantis)",,
Buzz Aldrin,1963,3,Retired,1/20/1930,"Montclair, NJ",Montclair,40.8244,-74.2124,Male,US Military Academy; MIT,Mechanical Engineering,Astronautics,Colonel,US Air Force (Retired),2,289,2,8,"Gemini 12, Apollo 11",,
Kathryn C. Thornton,1984,10,Retired,8/17/1952,"Montgomery, AL",Montgomery,32.3617,-86.2792,Female,Auburn University; University of Virginia,Physics,Physics,,,4,975,3,21,"STS-33 (Discovery), STS-49 (Endeavor), STS-61 (Endeavor), STS-73 (Columbia)",,
Gregory E. Chamitoff,1998,17,Active,8/6/1962,"Montreal, Canada",Montreal,45.5091,-73.5534,Male,California Polytechnic State University; California Institute of Technology; MIT,Electrical Engineering,Aeronautical Engineering; Aeronautics & Astronautics,,,2,4770,2,13,"STS-124/126 (Discovery/Endeavor), STS-134 (Endeavor)",,
Garrett E. Reisman,1998,17,Retired,2/10/1968,"Morristown, NJ",Morristown,40.7966,-74.4773,Male,University of Pennsylvania; California Institute of Technology,Economics,Mechanical  Engineering,,,2,2571,3,21,"STS-123/124 (Endeavor/Discovery), STS-132 (Atlantis)",,
Jerry M. Linenger,1992,14,Retired,1/16/1955,"Mount Clemens, MI",Mount Clemens,42.5972,-82.8781,Male,US Naval Academy; University of Southern California; University of North Carolina; Wayne State University,Bioscience,Systems Management; Public Health; Medicine; Epidemiology,Captain,US Navy (Retired),2,3435,1,5,"STS-64 (Discovery), STS-81/84 (Atlantis)",,
Richard A. Searfoss,1990,13,Retired,6/5/1956,"Mount Clemens, MI",Mount Clemens,42.5972,-82.8781,Male,US Air Force Academy; California Institute of Technology,Aeronautical Engineering,Aeronautics,Colonel,US Air Force (Retired),3,939,0,0,"STS-58 (Columbia), STS-76 (Atlantis), STS-90 (Columbia)",,
James F. Reilly II ,1995,15,Retired,3/18/1954,"Mountain Home Air Force Base, ID","Mountain Home Air Force Base, ID",43.0444129,-115.8619784,Male,University of Texas-Dallas,Geosciences,Geosciences,,,3,854,5,31,"STS-89 (Endeavor), STS-104 (Atlantis), STS-117 (Atlantis)",,
Peggy A. Whitson,1996,16,Active,2/9/1960,"Mt. Ayr, IA",Mount Ayr,40.7142,-94.2369,Female,Iowa Wesleyan College; Rice University,Chemistry & Biology,Biochemistry,,,3,11698,7,46,"STS-111/113 (Endeavor), ISS-16 (Soyuz), ISS-50/51 (Soyuz)",,
Margaret Rhea Seddon,1978,8,Retired,11/8/1947,"Murfreesboro, TN",Murfreesboro,35.8461,-86.3921,Female,University of California-Berkeley; University of Tennessee,Physiology,Medicine,,,3,722,0,0,"STS 51-D (Discovery), STS-40 (Columbia), STS-58 (Columbia)",,
Barry E. Wilmore,2000,18,Active,12/29/1962,"Murfreesboro, TN",Murfreesboro,35.8461,-86.3921,Male,Tennessee Technological University; University of Tennessee,Electrical Engineering,Electrical Engineering; Aviation Systems,Captain,US Navy,2,4272,4,25,"STS-129 (Atlantis), ISS-41/42 (Soyuz)",,
David C. Leestma,1980,9,Management,5/6/1949,"Muskegon, MI",Muskegon,43.2342,-86.2483,Male,US Naval Academy; US Naval Postgraduate School,Aeronautical Engineering,Aeronautical Engineering,Captain,US Navy (Retired),3,532,1,3,"STS 41-G (Challenger), STS-28 (Columbia), STS-45 (Atlantis)",,
Russell L. Schweickart,1963,3,Retired,10/25/1935,"Neptune, NJ",Neptune City,40.2002,-74.0336,Male,MIT,Aeronautics & Astronautics,Aeronautics & Astronautics,,,1,241,1,1,Apollo 9,,
James F. Buchli,1978,8,Retired,6/20/1945,"New Rockford, ND",New Rockford,47.6811,-99.1257,Male,US Naval Academy; University of West Florida,Aeronautical Engineering,Aeronautical Engineering Systems,Colonel,US Marine Corps (Retired),4,490,0,0,"STS 51-C (Discovery), STS 61-A (Challenger), STS-29 (Discovery), STS-48 (Discovery",,
Karol J. Bobko,1969,7,Retired,12/23/1937,"New York, NY",New York City,40.713,-74.0072,Male,US Air Force Academy; University of Southern California,,Aerospace Engineering,Colonel,US Air Force (Retired),3,386,0,0,"STS-6 (Challenger), STS 51-D (Discovery), STS-51-J (Atlantis)",,
Jay Clark Buckey,,,Retired,6/6/1956,"New York, NY",New York City,40.713,-74.0072,Male,Cornell University,Electrical Engineering,Medicine,,,1,381,0,0,STS-90 (Columbia),,
Anna L. Fisher,1978,8,Management,8/24/1949,"New York, NY",New York City,40.713,-74.0072,Female,University of California-Los Angeles,Chemistry,Chemistry; Medicine,,,1,191,0,0,STS 51-A (Discovery),,
Ronald J. Grabe,1980,9,Retired,6/13/1945,"New York, NY",New York City,40.713,-74.0072,Male,US Air Force Academy,Engineering Science,,Colonel,US Air Force (Retired),4,627,0,0,"STS 51-J (Atlantis), STS-30 (Atlantis), STS-42 (Discovery), STS-57 (Endeavor)",,
Kevin R. Kregel,1992,14,Retired,9/16/1956,"New York, NY",New York City,40.713,-74.0072,Male,US Air Force Academy; Troy State University,Astronautical Engineering,Public Administration,,,4,1265,0,0,"STS-70 (Discovery), STS-78 (Columbia), STS-87 (Columbia), STS-99 (Endeavor)",,
Bruce E. Melnick,1987,12,Retired,12/5/1949,"New York, NY",New York City,40.713,-74.0072,Male,US Coast Guard Academy; West Florida University,Engineering,Aeronautical Systems,Commander,US Coast Guard (Retired),2,311,0,0,"STS-41 (Discovery), STS-49 (Endeavor)",,
Robert A. Parker,1967,6,Retired,12/14/1936,"New York, NY",New York City,40.713,-74.0072,Male,Amherst College; California Institute of Technology,Physics & Astronomy,Astronomy,,,2,462,0,0,"STS-9 (Columbia), STS-35 (Columbia)",,
Duane E. Graveline,1965,4,Retired,3/2/1931,"Newport, VT",Newport,44.9442,-72.2044,Male,University of Vermont; Johns Hopkins University,,Public Health; Medicine,,,0,0,0,0,,,
Peter J. K. Wisoff,1990,13,Retired,8/16/1958,"Norfolk, VA",Norfolk,36.8507689,-76.285872,Male,University of Virginia; Stanford University,Physics,Applied Physics,,,4,1064,3,20,"STS-57 (Endeavor), STS-68 (Endeavor), STS-81 (Atlantis), STS-92 (Discovery)",,
John D. Olivas,1998,17,Retired,5/25/1966,"North Hollywood, CA",North Hollywood,34.1722,-118.3781,Male,University of Texas-El Paso; University of Houston; Rice University,Mechanical Engineering,Mechanical  Engineering; Mechanical  Engineering & Materials Science,,,2,665,5,34,"STS-117 (Atlantis), STS-128 (Discovery)",,
Niclolas J. M. Patrick,1998,17,Retired,3/22/1964,"North Yorkshire, England",North Yorkshire,53.9915028,-1.5412015,Male,University of Cambridge; MIT,Engineering,Engineering; Mechanical Engineering,,,2,638,3,18,"STS-116 (Discovery), STS-130 (Endeavor)",,
Daniel T. Barry,1992,14,Retired,12/30/1953,"Norwalk, CT",Norwalk,41.0939,-73.4197,Male,Cornell University; Princeton University; University of Miami,Electrical Engineering,Electrical Engineering; Computer Science; Medicine,,,3,733,4,26,"STS-72 (Endeavor), STS-96 (Discovery), STS-105 (Discovery)",,
Lee J. Archambault,1998,17,Retired,8/25/1960,"Oak Park, IL",Oak Park,41.8833,-87.8,Male,University of Illinois-Urbana,Aeronautical & Astronautical Engineering,Aeronautical & Astronautical Engineering,Colonel,US Air Force,2,639,0,0,"STS-117 (Atlantis), STS-119 (Discovery)",,
Joseph P. Kerwin,1965,4,Retired,2/19/1932,"Oak Park, IL",Oak Park,41.8833,-87.8,Male,College of the Holy Cross; Northwestern University,Philosophy,Medicine,Captain,US Navy (Retired),1,672,1,3,Skylab 2,,
William M. Shepherd,1984,10,Retired,7/26/1949,"Oak Ridge, TN",Oak Ridge,36.0133,-84.2625,Male,US Naval Academy; MIT,Aerospace Engineering,Mechanical  Engineering,Captain,US Navy (Retired),4,3823,0,0,"STS-37 (Atlantis), STS-41 (Discovery), STS-52 (Columbia), ISS-01/STS-102 (Soyuz/Discovery)",,
Michael J. Massimino,1996,16,Management,8/19/1962,"Oceanside, NY",Oceanside,40.6364,-73.6375,Male,Columbia University; MIT,Industrial Engineering,Technology & Policy; Mechanical Engineering,,,2,571,4,30,"STS-109 (Columbia), STS-125 (Atlantis)",,
William R. Pogue,1966,5,Retired,1/23/1930,"Okemah, OK",Okemah,35.4315,-96.2997,Male,Oklahoma Baptist University; Oklahoma State University,Education,Mathematics,Colonel,US Air Force (Retired),1,2017,2,13,Skylab 4,,
Clayton C. Anderson,1998,17,Retired,2/23/1959,"Omaha, NE",Omaha,41.25,-96,Male,Hastings College; Iowa State University,Physics,Aerospace Engineering,,,2,4005,6,38,"STS-117/120 (Atlantis/Discovery), STS-131 (Discovery)",,
Bryan D. O'Connor,1980,9,Retired,9/6/1946,"Orange, CA",Orange,33.8031,-117.8325,Male,US Naval Academy; West Florida University,Engineering,Aeronautical Systems,Colonel,US Marine Corps (Retired),2,383,0,0,"STS 61-B (Atlantis), STS-40 (Columbia)",,
Mark E. Kelly,1996,16,Retired,2/21/1964,"Orange, NJ",Orange,40.768,-74.2357,Male,US Merchant Marine Academy; US Naval Postgraduate School,Marine Engineering & Nautical Science,Aeronautical Engineering,Captain,US Navy (Retired),4,1298,0,0,"STS-108 (Endeavor), STS-121 (Discovery), STS-124 (Discovery), STS-134 (Endeavor)",,
Scott J. Kelly,1996,16,Active,2/21/1964,"Orange, NJ",Orange,40.768,-74.2357,Male,State University of New York Maritime College; University of Tennessee-Knoxville,Electrical Engineering,Aviation Systems,Captain,US Navy (Retired),4,12490,3,18,"STS-103 (Discovery), STS-118 (Endeavor), ISS-25/26 (Soyuz), ISS-43/44/45/46 (Soyuz)",,
John O. Creighton,1978,8,Retired,4/28/1943,"Orange, TX",Orange,30.1092,-93.7592,Male,US Naval Academy; George Washington University,,Science & Technology Administration,Captain,US Navy (Retired),3,404,0,0,"STS 51-G (Discovery), STS-36 (Atlantis), STS-48 (Discovery)",,
Steven A. Hawley,1978,8,Retired,12/12/1951,"Ottawa, KS",Ottawa,38.6119,-95.2664,Male,University of Kansas; University of California,Physics & Astronomy,Astronomy & Astrophysics,,,5,770,0,0,"STS 41-D (Discovery), STS 61-C (Columbia), STS-31 (Discovery), STS-82 (Discovery), STS-93 (Columbia)",,
Pamela A. Melroy,1995,15,Retired,9/17/1961,"Palo Alto, CA",Palo Alto,37.4292,-122.1381,Female,Wellesley College; MIT,Physics & Astronomy,Earth & Planetary Sciences,Colonel,US Air Force (Retired),3,914,0,0,"STS-92 (Discovery), STS-112 (Atlantis), STS-120 (Discovery)",,
Karen L. Nyberg,2000,18,Active,10/7/1969,"Parker’s Prairie, MN",Parkers Prairie,46.15,-95.3333,Female,University of North Dakota; University of Texas,Mechanical Engineering,Mechanical Engineering,,,2,4320,0,0,"STS-124 (Discovery), ISS-36/37 (Soyuz)",,
Michael T. Good,2000,18,Management,10/13/1962,"Parma, OH",Parma,41.3919,-81.7286,Male,University of Notre Dame,Aerospace Engineering,Aerospace Engineering,Colonel,US Air Force (Retired),2,592,4,30,"STS-125 (Atlantis), STS-132 (Atlantis)",,
Alan G. Poindexter,1998,17,Deceased,11/5/1961,"Pasadena, CA",Pasadena,34.1561,-118.1319,Male,Georgia Institute of Technology; US Naval Postgraduate School,Aerospace Engineering,Aeronautical Engineering,Captain,US Navy,2,669,0,0,"STS-122 (Atlantis), STS-131 (Discovery)",7/1/2012,
Mark L. Polansky,1996,16,Retired,6/2/1956,"Paterson, NJ",Paterson,40.9147,-74.1628,Male,Purdue University,Aeronautical & Astronautical Engineering,Aeronautical & Astronautical Engineering,,,3,995,0,0,"STS-98 (Atlantis), ST-116 (Discovery), STS-127 (Endeavor)",,
Kathryn D. Sullivan,1978,8,Retired,10/3/1951,"Patterson, NJ",Paterson,40.9147,-74.1628,Female,University of California-Santa Cruz; Dalhousie University,Earth Sciences,Earth Sciences; Geology,,,3,532,1,3,"STS 41-G (Challenger), STS-31 (Discovery), STS-45 (Atlantis)",,
Kenneth S. Reightler Jr. ,1987,12,Retired,3/24/1951,"Patuxent River, MD","Patuxent River, MD",38.7343744,-76.6982889,Male,US Naval Academy; US Naval Postgraduate School; University of Southern California,Aerospace Engineering,Aeronautical Engineering; Systems Management,Captain,US Navy (Retired),2,327,0,0,"STS-48 (Discovery), STS-60 (Discovery)",,
Andrew M. Allen,1987,12,Retired,8/4/1955,"Philadelphia, PA",Philadelphia,39.95,-75.1667,Male,Villanova University; University of Florida,Mechanical Engineering,Business Administration,Lieutenant Colonel,US Marine Corps (Retired),3,906,0,0,"STS-46 (Atlantis), STS-62 (Columbia), STS-75 (Columbia)",,
James P. Bagian,1980,9,Retired,2/22/1952,"Philadelphia, PA",Philadelphia,39.95,-75.1667,Male,Drexel University; Thomas Jefferson University,Mechanical Engineering,Medicine,,,2,337,0,0,"STS-29 (Discovery), STS-40 (Columbia)",,
Guion S. Bluford Jr. ,1978,8,Retired,11/22/1942,"Philadelphia, PA",Philadelphia,39.95,-75.1667,Male,Pennsylvania State University; Air Force Institute of Technology; University of Houston-Clear Lake,Aerospace Engineering,Aerospace Engineering; Business Administration,Colonel,US Air Force (Retired),4,689,0,0,"STS-8 (Challenger), STS 61-A (Challenger), STS-39 (Discovery), STS-53 (Discovery)",,
Charles Conrad Jr. ,1962,2,Deceased,5/2/1930,"Philadelphia, PA",Philadelphia,39.95,-75.1667,Male,Princeton University,Aeronautical Engineering,,Captain,US Navy (Retired),4,1179,4,12,"Gemini 5, Gemini 11, Apollo 12, Skylab 2",7/8/1999,
Christopher J. Ferguson,1998,17,Retired,9/1/1961,"Philadelphia, PA",Philadelphia,39.95,-75.1667,Male,Drexel University; US Naval Postgraduate School,Mechanical Engineering,Aeronautical Engineering,Captain,US Navy (Retired),3,970,0,0,"STS-115 (Atlantis), STS-126 (Endeavor), STS-135 (Atlantis)",,
Scott J. Horowitz,1992,14,Retired,3/24/1957,"Philadelphia, PA",Philadelphia,39.95,-75.1667,Male,California State University-Northridge; Georgia Institute of Technology,Engineering,Aerospace Engineering,Colonel,US Air Force (Retired),4,1137,0,0,"STS-75 (Columbia), STS-82 (Discovery), STS-101 (Atlantis), STS-105 (Discovery)",,
Steven L. Smith,1992,14,Management,12/30/1958,"Phoenix, AZ",Phoenix,33.45,-112.0667,Male,Stanford University,Electrical Engineering,Electrical Engineering,,,4,960,7,49,"STS-68 (Endeavor), STS-82 (Discovery), STS-103 (Discovery), STS-110 (Atlantis)",,
Charles E. Brady Jr. ,1992,14,Deceased,8/12/1951,"Pinehurst, NC",Pinehurst,35.1961,-79.4642,Male,University of North Carolina at Chapel Hill; Duke University,,Medicine,Captain,US Navy,1,405,0,0,STS-78 (Columbia),7/23/2006,
E. Michael Fincke,1996,16,Active,3/14/1967,"Pittsburgh, PA",Pittsburgh,40.4422,-79.995,Male,MIT; Stanford University; University of Houston-Clear Lake,"Aeronautics & Astronautics; Earth, Atmospheric & Planetary Sciences",Aeronautics & Astronautics; Physical Sciences,Colonel,US Air Force,3,9159,9,48,"ISS-09 (Soyuz), ISS-18 (Soyuz), STS-134 (Endeavor)",,
Stephen N. Frick,1996,16,Management,9/30/1961,"Pittsburgh, PA",Pittsburgh,40.4422,-79.995,Male,US Naval Academy; US Naval Postgraduate School,Aerospace Engineering,Aeronautical Engineering,Captain,US Navy (Retired),2,566,0,0,"STS-110 (Atlantis), STS-122 (Atlantis)",,
Terry J. Hart,1978,8,Retired,10/27/1946,"Pittsburgh, PA",Pittsburgh,40.4422,-79.995,Male,Lehigh University; MIT; Rutgers University,Mechanical Engineering,Mechanical Engineering; Electrical Engineering,,,1,167,0,0,STS 41-C (Challenger),,
James B. Irwin,1966,5,Deceased,3/17/1930,"Pittsburgh, PA",Pittsburgh,40.4422,-79.995,Male,US Naval Academy; University of Michigan,Naval Sciences,Aeronautical Engineering,Colonel,US Air Force (Retired),1,295,3,20,Apollo 15,8/8/1991,
Kenneth T. Ham,1998,17,Retired,12/12/1964,"Plainfield, NJ",Plainfield,40.615,-74.4173,Male,US Naval Academy; US Naval Postgraduate School,Aerospace Engineering,Aeronautical Engineering,Captain,US Navy,2,612,0,0,"STS-124 (Discovery), STS-132 (Atlantis)",,
Michael P. Anderson,1995,15,Deceased,12/25/1959,"Plattsburgh, NY",Plattsburgh,44.6953,-73.4583,Male,University of Washington; Creighton University,Physics & Astronomy,Physics,Lieutenant Colonel,US Air Force,2,594,0,0,"STS-89 (Endeavor), STS-107 (Columbia)",2/1/2003,STS-107 (Columbia)
Brent W. Jett,1992,14,Retired,10/5/1958,"Pontiac, MI",Pontiac,42.6388,-83.2927,Male,US Naval Academy; US Naval Postgraduate School,Aerospace Engineering,Aeronautical Engineering,Captain,US Navy (Retired),4,1002,0,0,"STS-72 (Endeavor), STS-81 (Atlantis), STS-97 (Endeavor), STS-115 (Atlantis)",,
Kevin A. Ford,2000,18,Active,7/7/1960,"Portland, IN",Portland,40.4339,-84.98,Male,University of Notre Dame; Troy State University; University of Florida; Air Force Institute of Technology,Aerospace Engineering,International Relations; Aerospace Engineering; Astronautical Engineering,Colonel,US Air Force (Retired),2,3781,0,0,"STS-128 (Discovery), ISS-33/34 (Soyuz)",,
S. David Griggs,1978,8,Deceased,9/7/1939,"Portland, OR",Portland,45.52,-122.6819,Male,US Naval Academy; George Washington University,,Business Administration,,,1,167,1,3,STS 51-D (Discovery),6/17/1989,
Kenneth D. Bowersox,1987,12,Retired,11/14/1956,"Portsmouth, VA",Portsmouth,36.8354258,-76.2982742,Male,US Naval Academy; Columbia University,Aerospace Engineering,Mechanical Engineering,Captain,US Navy (Retired),5,5078,2,13,"STS-50 (Columbia), STS-61 (Endeavor), STS-73 (Columbia), STS-82 (Discovery), STS-113 (Endeavor/Soyuz)",,
Edward G. Givens Jr. ,1966,5,Deceased,1/5/1930,"Quanah, TX",Quanah,34.2956,-99.7419,Male,US Naval Academy,Naval Sciences,,Major,US Air Force,0,0,0,0,,6/6/1967,
Charles J. Camarda,1996,16,Management,5/8/1952,"Queens, NY",Queens,40.75,-73.8667,Male,Polytechnic Institute of Brooklyn; George Washington University; Virginia Polytechnic Institute,Aerospace Engineering,Engineering Science; Aerospace Engineering,,,1,333,0,0,STS-114 (Discovery),,
William F. Readdy,1987,12,Retired,1/24/1952,"Quonset Point, RI","Quonset Point, RI",41.5901015,-71.4042218,Male,US Naval Academy,Aerospace Engineering,,Captain,US Navy (Retired),3,672,0,0,"STS-42 (Discovery), STS-51 (Discovery), STS-79 (Atlantis)",,
Rex J. Walheim,1996,16,Active,10/10/1962,"Redwood, CA",Spruce Hill,38.3667,-122.4267,Male,University of California-Berkeley; University of Houston,Mechanical Engineering,Industrial Engineering,Colonel,US Air Force (Retired),3,872,5,36,"STS-110 (Atlantis), STS-122 (Atlantis), STS-135 (Atlantis)",,
Jake Garn,,,Retired,10/12/1932,Richfield. UT,Richfield,38.7658,-112.0875,Male,University of Utah,Business Finance,,,,1,167,0,0,STS 51-D (Discovery),,
Joe F. Edwards Jr. ,1995,15,Retired,2/3/1958,"Richmond, VA",Richmond,37.5408,-77.4339,Male,US Naval Academy; University of Tennessee-Knoxville,Aerospace Engineering,Aviation Systems,Commander,US Navy (Retired),1,211,0,0,STS-89 (Endeavor),,
Daniel M. Tani,1996,16,Retired,2/1/1961,"Ridley Park, PA",Ridley Park,39.8797,-75.3256,Male,MIT,Mechanical Engineering,Mechanical Engineering,,,2,3162,6,39,"STS-108 (Endeavor), STS-120/122 (Discovery/Atlantis)",,
C. Gordon Fullerton,1969,7,Retired,10/11/1936,"Rochester, NY",Rochester,43.1656,-77.6114,Male,California Institute of Technology,Mechanical Engineering,Mechanical Engineering,Colonel,US Air Force (Retired),2,382,0,0,"STS-3 (Columbia), STS 51-F (Challenger)",,
Gary E. Payton,,,Retired,6/20/1948,"Rock Island, IL",Rock Island,41.4892,-90.5731,Male,US Air Force Academy; Purdue University,Astronautical Engineering,Astronautical & Aeronautical Engineering,Major,US Air Force,1,73,0,0,STS 51-C (Discovery),,
Michael Collins,1963,3,Retired,10/31/1930,"Rome, Italy",Rome,41.8906,12.4943,Male,US Military Academy,,,,US Air Force Reserves,2,266,1,1,"Gemini 10, Apollo 11",,
Terrence W. Wilcutt,1990,13,Management,10/31/1949,"Russellville, KY",Russellville,36.8454,-86.8875,Male,Western Kentucky University,Mathematics,,,,4,1008,0,0,"STS-68 (Endeavor), STS-79 (Atlantis), STS-89 (Endeavor), STS-106 (Atlantis)",,
Michael L. Coats,1978,8,Retired,1/16/1946,"Sacramento, CA",Sacramento,38.5556,-121.4689,Male,US Naval Academy; George Washington University; US Naval Postgraduate School,,Science & Technology Administration; Aeronautical Engineering,Captain,US Navy (Retired),3,463,0,0,"STS 41-D (Discovery), STS-29 (Discovery), STS-39 (Discovery)",,
Stephen K. Robinson,1995,15,Retired,10/26/1955,"Sacramento, CA",Sacramento,38.5556,-121.4689,Male,University of California-Davis; Stanford University,Mechanical & Aeronautical Engineering,Mechanical  Engineering,,,4,1162,3,20,"STS-85 (Discovery), STS-95 (Discovery), STS-114 (Discovery), STS-130 (Endeavor)",,
Christopher J. Cassidy,2004,19,Active,1/4/1970,"Salem, MA",Salem,42.5214,-70.8986,Male,US Naval Academy; MIT,Mathematics,Ocean Engineering,Commander,US Navy,1,4376,6,31,STS-127 (Endeavor); ISS-35/36 (Soyuz),,
John E. Blaha,1980,9,Retired,8/26/1942,"San Antonio, TX",San Antonio,29.4167,-98.5,Male,US Air Force Academy; Purdue University,Engineering Science,Astronautical Engineering,Colonel,US Air Force (Retired),5,3861,0,0,"STS-29 (Discovery), STS-33 (Discovery), STS-43 (Atlantis), STS-58 (Columbia), STS-79/81 (Atlantis/Atlantis)",,
David R. Scott,1963,3,Retired,6/6/1932,"San Antonio, TX",San Antonio,29.4167,-98.5,Male,US Military Academy; MIT,,Aeronautics & Astronautics,Colonel,US Air Force (Retired),3,546,4,19,"Gemini 8, Apollo 9, Apollo 15",,
Edward H. White II ,1962,2,Deceased,11/14/1930,"San Antonio, TX",San Antonio,29.4167,-98.5,Male,US Military Academy; University of Michigan,,Aeronautical Engineering,Lieutenant Colonel,US Air Force,2,97,1,0.5,"Gemini 4, Apollo 1",1/27/1967,Apollo 1
Michael R. Clifford,1990,13,Retired,10/13/1952,"San Bernardino, CA",San Bernardino,34.1,-117.3,Male,US Military Academy; Georgia Institute of Technology,,Aerospace Engineering,Lieutenant Colonel,US Army (Retired),3,666,1,6,"STS-53 (Discovery), STS-59 (Endeavor), STS-76 (Atlantis)",,
Stanley G. Love,1998,17,Management,6/8/1965,"San Diego, CA",San Diego,32.715,-117.1625,Male,Harvey Mudd College; University of Washington,Physics,Astronomy,,,1,306,2,15,STS-122 (Atlantis),,
William C. McCool,1996,16,Deceased,9/23/1961,"San Diego, CA",San Diego,32.715,-117.1625,Male,US Naval Academy; University of Maryland; US Naval Postgraduate School,Naval Sciences,Computer Science; Aeronautical Engineering,Commander,US Navy,1,382,0,0,STS-107 (Columbia),2/1/2003,STS-107 (Columbia)
Michael J. McCulley,1984,10,Retired,8/4/1943,"San Diego, CA",San Diego,32.715,-117.1625,Male,Purdue University,Metallurgical Engineering,Metallurgical Engineering,Captain,US Navy (Retired),1,119,0,0,STS-34 (Atlantis),,
James H. Newman,1990,13,Retired,10/16/1956,"San Diego, CA",San Diego,32.715,-117.1625,Male,Dartmouth College; Rice University,Physics,Physics,,,4,1042,6,43,"STS-51 (Discovery), STS-69 (Endeavor), STS-88 (Endeavor), STS- 109 (Columbia)",,
John W. Young,1962,2,Retired,9/24/1930,"San Francisco, CA",San Francisco,37.7749295,-122.4194155,Male,Georgia Institute of Technology,Aeronautical Engineering,,Captain,US Navy (Retired),6,835,3,20,"Gemini 3, Gemini 10, Apollo 10, Apollo 16, STS-1 (Columbia), STS-9 (Columbia)",,
Franklin R. Chang-Diaz,1980,9,Retired,4/5/1950,"San Jose, Costa Rica",San Jose,9.9096,-84.0541,Male,University of Connecticut; MIT,Mechanical Engineering,Applied Plasma Physics,,,7,1602,3,19,"STS 61-C (Columbia), STS-34 (Atlantis), STS-46 (Atlantis), STS-60 (Discovery), STS-75 (Columbia), STS-91 (Discovery), STS-111 (Endeavor)",,
Harrison H. Schmitt,1965,4,Retired,7/3/1935,"Santa Rita, NM",Santa Rita,32.8036,-108.0608,Male,California Institute of Technology; Harvard University,Geology,Geology,,,1,301,3,22,Apollo 17,,
L. Blaine Hammond Jr. ,1984,10,Retired,1/16/1952,"Savannah, GA",Savannah,32.0167,-81.1167,Male,US Air Force Academy; Georgia Institute of Technology,Engineering Science,Engineering Science,Colonel,US Air Force (Retired),2,462,0,0,"STS-39 (Discovery), STS-64 (Discovery)",,
Paul W. Richards,1996,16,Management,5/20/1964,"Scranton, PA",Scranton,41.4106,-75.6675,Male,Drexel University; University of Maryland,Mechanical Engineering,Mechanical Engineering,,,1,307,1,6,STS-102 (Discovery),,
Richard F. Gordon Jr. ,1963,3,Retired,10/5/1929,"Seattle, WA",Seattle,47.6032,-122.3303,Male,University of Washington,Chemistry,,Captain,US Navy (Retired),2,315,1,0.5,"Gemini 11, Apollo 12",,
Gregory C. Johnson,1998,17,Management,7/30/1954,"Seattle, WA",Seattle,47.6032,-122.3303,Male,University of Washington,Aerospace Engineering,,Captain,US Navy (Retired),1,309,0,0,STS-125 (Atlantis),,
Stephen S. Oswald,1985,11,Retired,6/30/1951,"Seattle, WA",Seattle,47.6032,-122.3303,Male,US Naval Academy,Aerospace Engineering,,,,3,814,0,0,"STS-42 (Discovery), STS-56 (Discovery), STS-67 (Endeavor)",,
Shannon W. Lucid,1978,8,Retired,1/14/1943,"Shanghai, China",Shanghai,31.22222,121.45806,Female,University of Oklahoma,Chemistry,Biochemistry,,,5,5354,0,0,"STS 51-G (Discovery), STS-34 (Atlantis), STS-43 (Atlantis), STS-58 (Columbia), STS-76/79 (Atlantis)",,
L. Gordon Cooper Jr. ,1959,1,Deceased,3/6/1927,"Shawnee, OK",Shawnee,35.3425,-96.9339,Male,Air Force Institute of Technology,Aeronautical Engineering,,Colonel,US Air Force (Retired),2,225,0,0,"Mercury 9, Gemini 5",10/4/2004,
Donald R. Pettit,1996,16,Active,4/20/1955,"Silverton, OR",Silverton,45.0067,-122.7825,Male,Oregon State University; University of Arizona,Chemical Engineering,Chemical Engineering,,,3,8872,2,13,"ISS-6 (Soyuz), STS-126 (Endeavor), ISS-30/31 (Soyuz)",,
Michael E. Fossum,1998,17,Active,12/19/1957,"Sioux Falls, SD",Sioux Falls,43.5473,-96.7313,Male,Texas A&M University; Air Force Institute of Technology; University of Houston-Clear Lake,Mechanical Engineering,Systems Engineering; Physical Science (Space Science),,US Air Force Reserves (Retired),3,4651,7,48,"STS-121 (Discovery), STS-124 (Discovery), ISS-28/29 (Soyuz)",,
Lodewijk van den Berg,,,Retired,3/24/1932,"Sluiskil, Netherlands",Sluiskil,51.2781,3.8383,Male,Delft University of Technology; University of Delaware,Chemical Engineering,Applied Science,,,1,168,0,0,STS 51-B (Challenger),,
Janice E. Voss,1990,13,Deceased,10/8/1956,"South Bend, IN",South Bend,41.6725,-86.2553,Female,Purdue University; MIT,Engineering Science,Electrical Engineering; Aeronautics & Astronautics,,,5,1179,0,0,"STS-57 (Endeavor), STS-63 (Discovery), STS-83 (Columbia), STS-94 (Columbia), STS-99 (Endeavor)",2/6/2012,
Mary L. Cleave,1980,9,Retired,2/5/1947,"Southampton, NY",Southampton,40.8853,-72.3953,Female,Colorado State University; Utah State University,Biological Science,Microbial Ecology; Environmental Engineering,,,2,262,0,0,"STS 61-B (Atlantis), STS-30 (Atlantis)",,
Donald K. Slayton,1959,1,Deceased,3/1/1924,"Sparta, WI",Sparta,43.9431,-90.8117,Male,University of Minnesota,Aeronautical Engineering,,Major,US Air Force Reserves,1,217,0,0,Apollo-Soyuz Test Project,6/13/1993,
Jerome Apt III ,1985,11,Retired,4/18/1949,"Springfield, MA",Springfield,42.1124,-72.5475,Male,Harvard University; MIT,Physics,Physics,,,4,847,2,11,"STS-37 (Atlantis), STS-47 (Endeavor), STS-59 (Endeavor), STS-79 (Atlantis)",,
Edward T. Lu,1995,15,Retired,7/1/1963,"Springfield, MA",Springfield,42.1124,-72.5475,Male,Cornell University; Stanford University,Electrical Engineering,Applied Physics,,,3,4962,1,6,"STS-84 (Atlantis), STS-106 (Atlantis), ISS-07 (Soyuz)",,
Janet L. Kavandi,1995,15,Management,7/17/1959,"Springfield, MO",Springfield,37.195,-93.2861,Female,Missouri Southern State College; University of Missouri; University of Washington,Chemistry,Chemistry,,,3,812,0,0,"STS-91 (Discovery), STS-99 (Endeavor), STS-104 (Atlantis)",,
Ronald E. Evans Jr. ,1966,5,Deceased,11/10/1933,"St. Francis, KS",Saint Francis,39.7714,-101.8008,Male,University of Kansas; US Naval Postgraduate School,Electrical Engineering,Aeronautical Engineering,Captain,US Navy (Retired),1,301,1,1,Apollo 17,4/6/1990,
Thomas D. Akers,1987,12,Retired,5/20/1951,"St. Louis, MO",St. Louis,38.6270025,-90.1994042,Male,University of Missouri-Rolla,Applied Mathematics,Applied Mathematics,Colonel,US Air Force (Retired),4,814,4,29,"STS-41 (Discovery), STS-49 (Endeavor), STS-61 (Endeavor), STS-79 (Atlantis)",,
Robert C. Springer,1980,9,Retired,5/21/1942,"St. Louis, MO",St. Louis,38.6270025,-90.1994042,Male,US Naval Academy; US Naval Postgraduate School,Naval Sciences,Operations Research,Colonel,US Marine Corps (Retired),2,237,0,0,"STS-29 (Discovery), STS-38 (Atlantis)",,
Duane G. Carey,1996,16,Retired,4/30/1957,"St. Paul, MN",Saint Paul,44.9437,-93.0943,Male,University of Minnesota-Minneapolis,Aerospace Engineering & Mechanics,Aerospace Engineering,Lieutenant Colonel,US Air Force (Retired),1,262,0,0,STS-109 (Columbia),,
Heidemarie M. Stefanyshyn-Piper,1996,16,Retired,2/7/1963,"St. Paul, MN",Saint Paul,44.9437,-93.0943,Female,MIT,Mechanical Engineering,,Captain,US Navy,2,663,2,33,"STS-115 (Atlantis), STS-126 (Endeavor)",,
Thomas H. Marshburn,2004,19,Active,8/29/1960,"Statesville, NC",Statesville,35.7828,-80.8874,Male,Davidson College; University of Virginia; Wake Forest University; University of Texas Medical Branch-Galveston,Physics,Engineering Physics; Medicine; Medical Science,,,2,3871,4,24,"STS-127 (Endeavor), ISS-34/35 (Soyuz)",,
Byron K. Lichtenberg,,,Retired,2/19/1948,"Stroudsburg, PA",Stroudsburg,40.9845,-75.1974,Male,Brown University; MIT,Aerospace Engineering,Mechanical Engineering; Biomedical Engineering,,,2,461,0,0,"STS-9 (Columbia), STS-45 (Atlantis)",,
Bonnie J. Dunbar,1980,9,Retired,3/3/1949,"Sunnyside, WA",Sunnyside,46.3238,-120.013,Female,University of Washington; University of Houston,Ceramic Engineering,Ceramic Engineering; Biomedical Engineering,,,5,1207,0,0,"STS 61-A (Challenger), STS-32 (Columbia), STS-50 (Columbia), STS-71 (Atlantis), STS-89 (Endeavor)",,
Jeffrey N. Williams,1996,16,Active,1/18/1958,"Superior, WI",Superior,46.7206,-92.0979,Male,US Military Academy; US Naval Postgraduate School; US Naval War College,Applied Science & Engineering,Aeronautical Engineering; National Security & Strategic Studies,Colonel,US Army (Retired),4,12818,5,32,"STS-101 (Atlantis), ISS-13 (Soyuz), ISS-21/22 (Soyuz), ISS-47/48 (Soyuz)",,
Paul D. Scully-Power,,,Retired,5/28/1944,"Sydney, Australia",Sydney,-33.8728,151.2053,Male,University of Sydney,Applied Mathematics,,,,1,197,0,0,STS 41-G (Challenger),,
Lawrence J. Delucas,,,Retired,7/11/1950,"Syracuse, NY",Syracuse,43.0469,-76.1444,Male,University of Alabama at Birmingham,Chemistry; Physiological Optics,Chemistry; Biochemistry; Optometry,,,1,331,0,0,STS-50 (Columbia),,
Jeanette J. Epps,2009,20,Active,11/3/1970,"Syracuse, NY",Syracuse,43.0469,-76.1444,Female,LeMoyne College; University of Maryland,Physics,Aerospace Engineering,,,0,0,0,0,,,
Steven R. Swanson,1998,17,Active,12/3/1960,"Syracuse, NY",Syracuse,43.0469,-76.1444,Male,University of Colorado; Florida Atlantic University; Texas A&M University,Engineering Physics,Computer Systems; Computer Science,,,3,4700,5,28,"STS-117 (Atlantis), STS-119 (Discovery), ISS-39/40 (Soyuz)",,
Kjell N. Lindgren,2009,20,Active,1/23/1973,"Taipei, Taiwan",Taipei,25.04776,121.53185,Male,US Air Force Academy; University of Colorado; Colorado State University; University of Minnesota; University of Texas Medical Branch-Galveston,Biology,Medicine; Cardiovascular Physiology; Health Informatics; Public Health,,,1,3400,2,15,ISS-44/45 (Soyuz),,
Samuel T. Durrance,,,Retired,9/17/1943,"Tallahassee, FL",Tallahassee,30.4407,-84.2783,Male,California State University; University of Colorado,Physics,Physics; Astrogeophysics,,,2,614,0,0,"STS-35 (Columbia), STS-67 (Endeavor)",,
Bernard A. Harris Jr. ,1990,13,Retired,6/26/1956,"Temple, TX",Temple,31.0936,-97.3622,Male,University of Houston; Texas Tech University,Biology,Medicine,,,2,438,1,5,"STS-55 (Columbia), STS-63 (Discovery)",,
Robert Cenker,,,Retired,11/5/1948,"Uniontown, PA",Uniontown,39.9,-79.7244,Male,Pennsylvania State University; Rutgers University,Aerospace Engineering,Aerospace Engineering; Electrical Engineering,,,1,146,0,0,STS 61-C (Columbia),,
Mark N. Brown,1984,10,Retired,11/18/1951,"Valparaiso, IN",Valparaiso,41.4761,-87.0569,Male,Purdue University; Air Force Institute of Technology,Aeronautical & Astronautical Engineering,Astronautical Engineering,Colonel,US Air Force (Retired),2,249,0,0,"STS 28 (Columbia), STS-48 (Discovery)",,
Michael R. Barratt,2000,18,Active,4/16/1959,"Vancouver, WA",Vancouver,45.6333,-122.6,Male,University of Washington; Northwestern University; Wright State University,Zoology,Medicine; Aerospace Medicine,,,2,5075,1,5,"ISS-19/20 (Soyuz), STS-133 (Discovery)",,
Mark C. Lee,1984,10,Retired,8/14/1952,"Viroqua, WI",Viroqua,43.5567,-90.8878,Male,US Air Force Academy; MIT,Civil Engineering,Mechanical Engineering,Colonel,US Air Force (Retired),4,789,4,26,"STS-30 (Atlantis), STS-47 (Endeavor), STS-64 (Discovery), STS-82 (Discovery)",,
Charles J. Precourt,1990,13,Retired,6/29/1955,"Waltham, MA",Waltham,42.3806,-71.235,Male,US Air Force Academy; Golden Gate University; US Naval War College,Aeronautical Engineering,Engineering Management; Strategic Studies,Colonel,US Air Force (Retired),4,950,0,0,"STS-55 (Columbia), STS-71 (Atlantis), STS-84 (Atlantis), STS-91 (Discovery)",,
Neil A. Armstrong,1962,2,Deceased,8/5/1930,"Wapakoneta, OH",Wapakoneta,40.5689,-84.1941,Male,Purdue University; University of Southern California,Aeronautical Engineering,Aerospace Engineering,,,2,205,1,2,"Gemini 8, Apollo 11",8/25/2012,
Ronald A. Parise,,,Deceased,5/24/1951,"Warren, OH",Warren,41.2361,-80.8162,Male,Youngstown State University; University of Florida,Physics,Astronomy,,,2,614,0,0,"STS-35 (Columbia), STS-67 (Endeavor)",5/9/2008,
James C. Adamson,1984,10,Retired,3/3/1946,"Warsaw, NY",Warsaw,42.74,-78.1331,Male,US Military Academy; Princeton University,Engineering,Aerospace Engineering,Colonel,US Army (Retired),2,334,0,0,"STS-28 (Columbia), STS-43 (Atlantis)",,
Alvin B. Drew Jr. ,2000,18,Active,11/5/1962,"Washington, DC",Washington,38.9071923,-77.0368707,Male,US Air Force Academy; Embry-Riddle Aeronautical University,Physics & Astronautical Engineering,Aerospace Science; Political Science,Colonel,US Air Force,2,613,2,13,"STS-118 (Endeavor), STS-133 (Discovery)",,
Frederick D. Gregory,1978,8,Retired,1/7/1941,"Washington, DC",Washington,38.89511,-77.03637,Male,US Air Force Academy; George Washington University,,Information Systems,Colonel,US Air Force (Retired),3,455,0,0,"STS 51-B (Challenger), STS-33 (Discovery), STS-44 (Atlantis)",,
Lisa M. Nowak,1996,16,Retired,5/10/1963,"Washington, DC",Washington,38.9071923,-77.0368707,Female,US Naval Academy; US Naval Postgraduate School,Aerospace Engineering,Aeronautical Engineering,Captain,US Navy (Retired),1,306,0,0,STS-121 (Discovery),,
Robert L. Stewart,1978,8,Retired,8/13/1942,"Washington, DC",Washington,38.9071923,-77.0368707,Male,University of Southern Mississippi; University of Texas-Arlington,Mathematics,Aerospace Engineering,Brigadier General,US Army (Retired),2,289,2,12,"STS 41-B (Challenger), STS 51-J (Atlantis)",,
Richard A. Mastracchio,1996,16,Active,2/11/1960,"Waterbury, CT",Waterbury,41.5543,-73.0431,Male,University of Connecticut; Rensselaer Polytechnic Institute; University of Houston-Clear Lake,Electrical Engineering; Computer Science,Electrical Engineering; Physical Sciences,,,4,5461,9,53,"STS-106 (Atlantis), STS-118 (Endeavor), STS-131 (Discovery), ISS-38/39 (Soyuz)",,
Daniel C. Brandenstein,1978,8,Retired,1/17/1943,"Watertown, WI",Watertown,43.2,-88.7167,Male,University of Wisconsin,Mathematics & Physics,,Captain,US Navy (Retired),4,789,0,0,"STS-8 (Challenger), STS 51-G (Discovery), STS-32 (Columbia), STS-49 (Endeavor)",,
Thomas P. Stafford,1962,2,Retired,9/17/1930,"Weatherford, OK",Weatherford,35.5387,-98.6876,Male,US Naval Academy,,,Lieutenant General,US Air Force (Retired),4,507,0,0,"Gemini 6, Gemini 9, Apollo 10, Apollo-Soyuz Test Project",,
Yvonne D. Cagle,1996,16,Management,4/24/1959,"West Point, NY",West Point,41.3667,-74.05,Female,San Francisco State University,Biochemistry,,Colonel,US Air Force,0,0,0,0,,,
John B. Herrington,1996,16,Retired,9/14/1958,"Wetumka, OK",Wetumka,35.2394,-96.2417,Male,University of Colorado; US Naval Postgraduate School,Applied Mathematics,Aeronautical Engineering,Commander,US Navy (Retired),1,330,3,20,STS-113 (Endeavor),,
Alan L. Bean,1963,3,Retired,3/15/1932,"Wheeler, TX",Wheeler,35.4452,-100.2722,Male,University of Texas,Aeronautical Engineering,,Captain,US Navy (Retired),2,1671,3,10,"Apollo 12, Skylab 3",,
Richard M. Mullane,1978,8,Retired,9/10/1945,"Wichita Falls, TX",Wichita Falls,33.9098,-98.5009,Male,US Military Academy; US Air Force Institute of Technology,Military Engineering,Aeronautical Engineering,Colonel,US Air Force (Retired),3,356,0,0,"STS 41-D (Discovery), STS-27 (Atlantis), STS-36 (Atlantis)",,
Nancy J. Currie,1990,13,Management,12/29/1958,"Wilmington, DE",Wilmington,39.7458,-75.5467,Female,Ohio State University; University of Southern California; University of Houston,Biological Science,Safety Engineering; Industrial Engineering,Colonel,US Army (Retired),4,999,0,0,"STS-57 (Endeavor), STS-70 (Discovery), STS-88 (Endeavor), STS-109 (Columbia)",,
Donald H. Peterson,1969,7,Retired,10/22/1933,"Winona, MS",Winona,33.4889,-89.7314,Male,US Military Academy; US Air Force Institute of Technology,,Nuclear Engineering,Colonel,US Air Force (Retired),1,120,1,4,STS-6 (Challenger),,
Charles D. Gemar,1985,11,Retired,8/4/1955,"Yanktown, SD",Yankton,42.8817,-97.3925,Male,US Military Academy,Engineering,,Lieutenant Colonel,US Army,3,581,0,0,"STS-38 (Atlantis), STS-48 (Discovery), STS-62 (Columbia)",,
Ronald J. Garan Jr. ,2000,18,Management,10/20/1961,"Yonkers, NY",Yonkers,40.9308,-73.8983,Male,State University of New York; Embry-Riddle Aeronautical University; University of Florida,Business Economics,Aeronautics; Aerospace Engineering,Colonel,US Air Force (Retired),2,4271,4,27,"STS-124 (Discovery), ISS-27/28 (Soyuz)",,
